{
  "experiment": "sequence_topology",
  "condition": "real",
  "run_idx": 4,
  "seed": 46,
  "n_snapshots": 45,
  "n_cloud_points": 43,
  "cloud_dim": 768,
  "loss_trajectory": [
    2.864339,
    2.573464,
    2.333085,
    2.12965,
    1.966456,
    1.83928,
    1.728774,
    1.618134,
    1.51242,
    1.417078,
    1.323803,
    1.224252,
    1.120895,
    1.026452,
    0.940927,
    3.611074,
    3.47634,
    3.321,
    3.098058,
    2.813456,
    2.461861,
    2.227555,
    2.010017,
    1.785189,
    1.610353,
    1.489074,
    1.347079,
    1.225604,
    1.085127,
    0.980364,
    3.269162,
    3.077241,
    2.82754,
    2.60329,
    2.44239,
    2.278051,
    2.080714,
    1.880359,
    1.685322,
    1.533744,
    1.406442,
    1.305847,
    1.216073,
    1.132285,
    1.056147
  ],
  "final_loss": 3.224642,
  "topology": {
    "betti_0": 43,
    "betti_1": 0,
    "total_persistence_h0": 412.44315,
    "total_persistence_h1": 0.0,
    "persistence_entropy_h1": 0.0,
    "diagram_h1": [],
    "n_points": 43,
    "space_dim": 768,
    "method": "ripser"
  },
  "timestamp": "2026-03-27T19:40:34.266681+00:00"
}