{
  "experiment": "sequence_topology",
  "condition": "real",
  "run_idx": 3,
  "seed": 45,
  "n_snapshots": 45,
  "n_cloud_points": 43,
  "cloud_dim": 768,
  "loss_trajectory": [
    2.815313,
    2.533286,
    2.306204,
    2.106415,
    1.919616,
    1.736452,
    1.569679,
    1.436396,
    1.286595,
    1.18011,
    1.111802,
    1.034515,
    0.962234,
    0.886624,
    0.807521,
    2.396417,
    2.267726,
    2.085884,
    1.921502,
    1.785296,
    1.658414,
    1.524875,
    1.387878,
    1.255113,
    1.129602,
    1.000232,
    0.89191,
    0.788349,
    0.69524,
    0.615634,
    2.492647,
    2.219221,
    1.897714,
    1.594601,
    1.362343,
    1.176861,
    1.01178,
    0.85026,
    0.751248,
    0.679542,
    0.605904,
    0.531461,
    0.470628,
    0.42877,
    0.381666
  ],
  "final_loss": 3.33527,
  "topology": {
    "betti_0": 43,
    "betti_1": 0,
    "total_persistence_h0": 347.377006,
    "total_persistence_h1": 0.0,
    "persistence_entropy_h1": 0.0,
    "diagram_h1": [],
    "n_points": 43,
    "space_dim": 768,
    "method": "ripser"
  },
  "timestamp": "2026-03-27T19:38:40.324546+00:00"
}