{
  "experiment": "sequence_topology",
  "condition": "real",
  "run_idx": 1,
  "seed": 43,
  "n_snapshots": 45,
  "n_cloud_points": 43,
  "cloud_dim": 768,
  "loss_trajectory": [
    2.417953,
    2.093644,
    1.78127,
    1.565763,
    1.396271,
    1.254337,
    1.136772,
    1.017014,
    0.90718,
    0.817836,
    0.731136,
    0.654831,
    0.596743,
    0.548431,
    0.497632,
    2.868222,
    2.730195,
    2.503399,
    2.250527,
    2.004473,
    1.781532,
    1.585632,
    1.411276,
    1.268143,
    1.136085,
    1.029301,
    0.945845,
    0.873095,
    0.807544,
    0.735398,
    2.888479,
    2.283196,
    1.889726,
    1.648525,
    1.509968,
    1.369673,
    1.266923,
    1.165691,
    1.05049,
    0.940375,
    0.846436,
    0.773281,
    0.711626,
    0.646829,
    0.58361
  ],
  "final_loss": 4.254734,
  "topology": {
    "betti_0": 43,
    "betti_1": 0,
    "total_persistence_h0": 397.888364,
    "total_persistence_h1": 0.0,
    "persistence_entropy_h1": 0.0,
    "diagram_h1": [],
    "n_points": 43,
    "space_dim": 768,
    "method": "ripser"
  },
  "timestamp": "2026-03-27T19:34:53.430852+00:00"
}