{
  "experiment": "sequence_topology",
  "condition": "real",
  "run_idx": 2,
  "seed": 44,
  "n_snapshots": 45,
  "n_cloud_points": 43,
  "cloud_dim": 768,
  "loss_trajectory": [
    2.690809,
    2.434487,
    2.214462,
    2.028737,
    1.867663,
    1.719581,
    1.573454,
    1.424059,
    1.28404,
    1.164258,
    1.067027,
    0.973784,
    0.886551,
    0.810075,
    0.739656,
    3.796693,
    3.535885,
    3.134733,
    2.768127,
    2.402492,
    2.080944,
    1.833827,
    1.684621,
    1.539295,
    1.339117,
    1.168372,
    1.01182,
    0.886437,
    0.792141,
    0.708462,
    3.892546,
    3.232639,
    2.635218,
    2.307815,
    2.172955,
    1.959848,
    1.758825,
    1.595274,
    1.469448,
    1.359115,
    1.273924,
    1.193104,
    1.080448,
    0.962951,
    0.876474
  ],
  "final_loss": 4.46511,
  "topology": {
    "betti_0": 43,
    "betti_1": 0,
    "total_persistence_h0": 429.422735,
    "total_persistence_h1": 0.0,
    "persistence_entropy_h1": 0.0,
    "diagram_h1": [],
    "n_points": 43,
    "space_dim": 768,
    "method": "ripser"
  },
  "timestamp": "2026-03-27T19:36:46.271221+00:00"
}