{
  "experiment": "sequence_topology",
  "condition": "real",
  "run_idx": 0,
  "seed": 42,
  "n_snapshots": 45,
  "n_cloud_points": 43,
  "cloud_dim": 768,
  "loss_trajectory": [
    2.337225,
    2.102776,
    1.896726,
    1.708852,
    1.531807,
    1.373731,
    1.236407,
    1.114451,
    1.021137,
    0.935751,
    0.843467,
    0.747785,
    0.652383,
    0.558153,
    0.476407,
    4.019449,
    3.770116,
    3.416974,
    3.040828,
    2.674063,
    2.326207,
    1.990337,
    1.75418,
    1.584415,
    1.429568,
    1.25447,
    1.111769,
    0.985547,
    0.875546,
    0.772036,
    3.922243,
    3.601409,
    3.129881,
    2.70426,
    2.254041,
    2.000419,
    1.736977,
    1.472085,
    1.310048,
    1.173906,
    1.031437,
    0.880733,
    0.737653,
    0.617033,
    0.52141
  ],
  "final_loss": 3.189846,
  "topology": {
    "betti_0": 43,
    "betti_1": 0,
    "total_persistence_h0": 418.369637,
    "total_persistence_h1": 0.0,
    "persistence_entropy_h1": 0.0,
    "diagram_h1": [],
    "n_points": 43,
    "space_dim": 768,
    "method": "ripser"
  },
  "timestamp": "2026-03-27T19:33:13.022323+00:00"
}