{
  "experiment": "sequence_topology",
  "condition": "synthetic",
  "run_idx": 2,
  "seed": 44,
  "n_snapshots": 45,
  "n_cloud_points": 43,
  "cloud_dim": 768,
  "loss_trajectory": [
    5.092498,
    4.67694,
    4.248947,
    3.795183,
    3.351242,
    2.996422,
    2.757079,
    2.524136,
    2.310217,
    2.136139,
    1.98389,
    1.841547,
    1.713149,
    1.599697,
    1.495034,
    3.702848,
    3.46874,
    3.187776,
    2.927094,
    2.679827,
    2.448834,
    2.237907,
    2.046175,
    1.87245,
    1.722546,
    1.591482,
    1.469426,
    1.351781,
    1.238087,
    1.171463,
    4.401461,
    3.921465,
    3.643381,
    3.248813,
    3.056406,
    2.904603,
    2.690491,
    2.473895,
    2.277013,
    2.074366,
    1.86514,
    1.697665,
    1.582584,
    1.479878,
    1.362898
  ],
  "final_loss": 4.297963,
  "topology": {
    "betti_0": 43,
    "betti_1": 0,
    "total_persistence_h0": 394.432492,
    "total_persistence_h1": 0.0,
    "persistence_entropy_h1": 0.0,
    "diagram_h1": [],
    "n_points": 43,
    "space_dim": 768,
    "method": "ripser"
  },
  "timestamp": "2026-03-27T19:37:43.125564+00:00"
}