{
  "experiment": "sequence_topology",
  "condition": "synthetic",
  "run_idx": 4,
  "seed": 46,
  "n_snapshots": 45,
  "n_cloud_points": 43,
  "cloud_dim": 768,
  "loss_trajectory": [
    4.928148,
    4.405004,
    4.010886,
    3.602201,
    3.220659,
    2.851577,
    2.550544,
    2.282771,
    2.061269,
    1.894335,
    1.722819,
    1.553746,
    1.410506,
    1.292465,
    1.187651,
    5.227971,
    5.016133,
    4.679258,
    4.211058,
    3.61127,
    3.145005,
    2.881986,
    2.633241,
    2.355916,
    2.167268,
    2.025743,
    1.902241,
    1.779254,
    1.652781,
    1.537695,
    4.585591,
    4.285046,
    3.879491,
    3.555175,
    3.337983,
    3.108229,
    2.847106,
    2.624441,
    2.406735,
    2.258513,
    2.111959,
    1.943105,
    1.758895,
    1.602597,
    1.484196
  ],
  "final_loss": 4.942816,
  "topology": {
    "betti_0": 43,
    "betti_1": 0,
    "total_persistence_h0": 363.098149,
    "total_persistence_h1": 0.0,
    "persistence_entropy_h1": 0.0,
    "diagram_h1": [],
    "n_points": 43,
    "space_dim": 768,
    "method": "ripser"
  },
  "timestamp": "2026-03-27T19:41:31.397670+00:00"
}