{
  "experiment": "sequence_topology",
  "condition": "synthetic",
  "run_idx": 3,
  "seed": 45,
  "n_snapshots": 45,
  "n_cloud_points": 43,
  "cloud_dim": 768,
  "loss_trajectory": [
    5.459857,
    4.978534,
    4.463584,
    3.879271,
    3.252163,
    2.75502,
    2.507071,
    2.322333,
    2.143309,
    1.967772,
    1.789194,
    1.649351,
    1.543807,
    1.443722,
    1.343065,
    5.064602,
    4.734694,
    4.25773,
    3.752894,
    3.30507,
    2.927107,
    2.630142,
    2.368542,
    2.132683,
    1.9176,
    1.721661,
    1.544873,
    1.389053,
    1.256136,
    1.145423,
    5.318265,
    4.983423,
    4.575301,
    4.147986,
    3.838249,
    3.525269,
    3.237545,
    2.974482,
    2.771669,
    2.607215,
    2.445199,
    2.275745,
    2.092582,
    1.884679,
    1.688658
  ],
  "final_loss": 4.891052,
  "topology": {
    "betti_0": 43,
    "betti_1": 0,
    "total_persistence_h0": 423.597722,
    "total_persistence_h1": 0.0,
    "persistence_entropy_h1": 0.0,
    "diagram_h1": [],
    "n_points": 43,
    "space_dim": 768,
    "method": "ripser"
  },
  "timestamp": "2026-03-27T19:39:37.177181+00:00"
}