{
  "timestamp": "2026-03-21T15:00:38.806764+00:00",
  "metrics": {
    "baseline": {
      "vocab_ratio": 0.4181494661921708,
      "avg_repetition": 0.019360902255639096,
      "entropy": 6.894449705065636,
      "loops": 0,
      "prompt_coherence": 0.045,
      "total_tokens": 562,
      "top_10": [
        [
          "the",
          29
        ],
        [
          "a",
          25
        ],
        [
          "to",
          24
        ],
        [
          "you",
          17
        ],
        [
          "of",
          16
        ],
        [
          "is",
          14
        ],
        [
          "it",
          13
        ],
        [
          "if",
          12
        ],
        [
          "---",
          11
        ],
        [
          "i",
          9
        ]
      ]
    },
    "self_selected": {
      "vocab_ratio": 0.35030549898167007,
      "avg_repetition": 0.0,
      "entropy": 6.297937614831673,
      "loops": 0,
      "prompt_coherence": 0.02,
      "total_tokens": 491,
      "top_10": [
        [
          "the",
          55
        ],
        [
          "a",
          23
        ],
        [
          "to",
          22
        ],
        [
          "i",
          17
        ],
        [
          "following",
          13
        ],
        [
          "of",
          12
        ],
        [
          "is",
          12
        ],
        [
          "have",
          12
        ],
        [
          "you",
          10
        ],
        [
          "this",
          10
        ]
      ]
    },
    "random_excerpt": {
      "vocab_ratio": 0.2752,
      "avg_repetition": 0.06153846153846154,
      "entropy": 6.447906751056733,
      "loops": 1,
      "prompt_coherence": 0.125,
      "total_tokens": 625,
      "top_10": [
        [
          "the",
          57
        ],
        [
          "a",
          31
        ],
        [
          "---",
          29
        ],
        [
          "to",
          25
        ],
        [
          "that",
          16
        ],
        [
          "is",
          16
        ],
        [
          "of",
          16
        ],
        [
          "have",
          11
        ],
        [
          "you",
          11
        ],
        [
          "are",
          11
        ]
      ]
    },
    "shuffled": {
      "vocab_ratio": 0.29744525547445255,
      "avg_repetition": 0.06060606060606061,
      "entropy": 6.316260598879552,
      "loops": 0,
      "prompt_coherence": 0.05,
      "total_tokens": 548,
      "top_10": [
        [
          "is",
          39
        ],
        [
          "the",
          38
        ],
        [
          "a",
          26
        ],
        [
          "of",
          22
        ],
        [
          "(1)",
          21
        ],
        [
          "in",
          17
        ],
        [
          "this",
          13
        ],
        [
          "not",
          12
        ],
        [
          "to",
          11
        ],
        [
          "that",
          11
        ]
      ]
    }
  }
}