{
  "experiment": "curvature_trajectory",
  "condition": "real",
  "run_idx": 1,
  "seed": 43,
  "n_steps": 45,
  "curvature_trajectory": [
    0.0,
    0.0,
    0.0,
    0.0,
    0.0,
    0.0,
    0.0,
    0.0,
    0.0,
    0.0,
    0.0,
    0.0,
    0.0,
    0.0,
    0.0,
    0.0,
    0.0,
    0.0,
    0.0,
    0.0,
    0.0,
    0.0,
    0.0,
    0.0,
    0.0,
    0.0,
    0.0,
    0.0,
    0.0,
    0.0,
    0.0,
    0.0,
    0.0,
    0.0,
    0.0,
    0.0,
    0.0,
    0.0,
    0.0,
    0.0,
    0.0,
    0.0,
    0.0,
    0.0,
    0.0
  ],
  "loss_trajectory": [
    2.417953,
    2.093644,
    1.78127,
    1.565763,
    1.396271,
    1.254337,
    1.136772,
    1.017014,
    0.90718,
    0.817836,
    0.731136,
    0.654831,
    0.596743,
    0.548431,
    0.497632,
    2.868222,
    2.730195,
    2.503399,
    2.250527,
    2.004473,
    1.781532,
    1.585632,
    1.411276,
    1.268143,
    1.136085,
    1.029301,
    0.945845,
    0.873095,
    0.807544,
    0.735398,
    2.888479,
    2.283196,
    1.889726,
    1.648525,
    1.509968,
    1.369673,
    1.266923,
    1.165691,
    1.05049,
    0.940375,
    0.846436,
    0.773281,
    0.711626,
    0.646829,
    0.58361
  ],
  "curvature_mean": 0.0,
  "curvature_std": 0.0,
  "curvature_slope": 0.0,
  "curvature_drift": 0.0,
  "loss_improvement": 1.834343,
  "timestamp": "2026-03-27T19:51:51.801930+00:00"
}