{
  "experiment": "curvature_trajectory",
  "condition": "real",
  "run_idx": 0,
  "seed": 42,
  "n_steps": 45,
  "curvature_trajectory": [
    0.0,
    0.0,
    0.0,
    0.0,
    0.0,
    0.0,
    0.0,
    0.0,
    0.0,
    0.0,
    0.0,
    0.0,
    0.0,
    0.0,
    0.0,
    0.0,
    0.0,
    0.0,
    0.0,
    0.0,
    0.0,
    0.0,
    0.0,
    0.0,
    0.0,
    0.0,
    0.0,
    0.0,
    0.0,
    0.0,
    0.0,
    0.0,
    0.0,
    0.0,
    0.0,
    0.0,
    0.0,
    0.0,
    0.0,
    0.0,
    0.0,
    0.0,
    0.0,
    0.0,
    0.0
  ],
  "loss_trajectory": [
    2.337225,
    2.102776,
    1.896726,
    1.708852,
    1.531807,
    1.373731,
    1.236407,
    1.114451,
    1.021137,
    0.935751,
    0.843467,
    0.747785,
    0.652383,
    0.558153,
    0.476407,
    4.019449,
    3.770116,
    3.416974,
    3.040828,
    2.674063,
    2.326207,
    1.990337,
    1.75418,
    1.584415,
    1.429568,
    1.25447,
    1.111769,
    0.985547,
    0.875546,
    0.772036,
    3.922243,
    3.601409,
    3.129881,
    2.70426,
    2.254041,
    2.000419,
    1.736977,
    1.472085,
    1.310048,
    1.173906,
    1.031437,
    0.880733,
    0.737653,
    0.617033,
    0.52141
  ],
  "curvature_mean": 0.0,
  "curvature_std": 0.0,
  "curvature_slope": 0.0,
  "curvature_drift": 0.0,
  "loss_improvement": 1.815815,
  "timestamp": "2026-03-27T19:50:58.045462+00:00"
}