{
  "experiment": "curvature_trajectory",
  "condition": "synthetic",
  "run_idx": 1,
  "seed": 43,
  "n_steps": 45,
  "curvature_trajectory": [
    0.0,
    0.0,
    0.0,
    0.0,
    0.0,
    0.0,
    0.0,
    0.0,
    0.0,
    0.0,
    0.0,
    0.0,
    0.0,
    0.0,
    0.0,
    0.0,
    0.0,
    0.0,
    0.0,
    0.0,
    0.0,
    0.0,
    0.0,
    0.0,
    0.0,
    0.0,
    0.0,
    0.0,
    0.0,
    0.0,
    0.0,
    0.0,
    0.0,
    0.0,
    0.0,
    0.0,
    0.0,
    0.0,
    0.0,
    0.0,
    0.0,
    0.0,
    0.0,
    0.0,
    0.0
  ],
  "loss_trajectory": [
    5.97137,
    5.360155,
    4.593788,
    3.796301,
    3.298906,
    2.937195,
    2.660025,
    2.478443,
    2.268715,
    2.080392,
    1.949513,
    1.840874,
    1.733979,
    1.633951,
    1.541365,
    4.171791,
    3.966877,
    3.705921,
    3.439317,
    3.167403,
    2.892833,
    2.629633,
    2.390572,
    2.183006,
    2.006868,
    1.84941,
    1.694493,
    1.541153,
    1.399428,
    1.27448,
    4.855362,
    4.57135,
    4.212919,
    3.869656,
    3.524211,
    3.252952,
    3.064272,
    2.891747,
    2.727667,
    2.573251,
    2.421665,
    2.264532,
    2.10361,
    1.950014,
    1.802564
  ],
  "curvature_mean": 0.0,
  "curvature_std": 0.0,
  "curvature_slope": 0.0,
  "curvature_drift": 0.0,
  "loss_improvement": 4.168806,
  "timestamp": "2026-03-27T19:52:19.563112+00:00"
}