{
  "experiment": "curvature_trajectory",
  "condition": "synthetic",
  "run_idx": 0,
  "seed": 42,
  "n_steps": 45,
  "curvature_trajectory": [
    0.0,
    0.0,
    0.0,
    0.0,
    0.0,
    0.0,
    0.0,
    0.0,
    0.0,
    0.0,
    0.0,
    0.0,
    0.0,
    0.0,
    0.0,
    0.0,
    0.0,
    0.0,
    0.0,
    0.0,
    0.0,
    0.0,
    0.0,
    0.0,
    0.0,
    0.0,
    0.0,
    0.0,
    0.0,
    0.0,
    0.0,
    0.0,
    0.0,
    0.0,
    0.0,
    0.0,
    0.0,
    0.0,
    0.0,
    0.0,
    0.0,
    0.0,
    0.0,
    0.0,
    0.0
  ],
  "loss_trajectory": [
    4.459443,
    4.042649,
    3.655387,
    3.296287,
    2.957748,
    2.633269,
    2.340241,
    2.116759,
    1.937802,
    1.802164,
    1.658907,
    1.546323,
    1.434278,
    1.343537,
    1.254331,
    4.27733,
    3.846801,
    3.428178,
    3.048141,
    2.745263,
    2.458883,
    2.178869,
    1.940139,
    1.768772,
    1.647409,
    1.520107,
    1.41898,
    1.308622,
    1.195308,
    1.103532,
    5.056417,
    4.584398,
    4.077204,
    3.480011,
    3.04851,
    2.871043,
    2.700287,
    2.520672,
    2.347406,
    2.187685,
    2.041259,
    1.910232,
    1.796025,
    1.687394,
    1.570287
  ],
  "curvature_mean": 0.0,
  "curvature_std": 0.0,
  "curvature_slope": 0.0,
  "curvature_drift": 0.0,
  "loss_improvement": 2.889156,
  "timestamp": "2026-03-27T19:51:24.501021+00:00"
}