{
  "timestamp": "2026-03-23T12:12:43.473404+00:00",
  "source": "experiment_D_v3",
  "runs": {
    "baseline": {
      "lambda": 0.0,
      "label": "baseline",
      "n_snapshots": 31,
      "cross_layer_bundle": {
        "chern_class": {
          "c1": -0.04193076045217946,
          "c1_quantized": 0,
          "quantization_residual": 0.04193076045217946,
          "total_berry_phase": -0.2634587379920008,
          "n_loops": 30,
          "mean_curvature": 0.022805266889978096,
          "verdict": "TRIVIAL",
          "notes": "c\u2081 = -0.0419 \u2248 0 (residual 0.0419). Total Berry phase = -0.2635 rad over 30 segments. Mean |curvature| = 0.022805 rad/step."
        },
        "sign_persistence": {
          "training": 1.0
        },
        "founding_curvature_trend": "SHRINKING"
      },
      "temporal_holonomy": {
        "L0": {
          "n_snapshots": 31,
          "steps": [
            0,
            100,
            200,
            300,
            400,
            500,
            600,
            700,
            800,
            900,
            1000,
            1100,
            1200,
            1300,
            1400,
            1500,
            1600,
            1700,
            1800,
            1900,
            2000,
            2100,
            2200,
            2300,
            2400,
            2500,
            2600,
            2700,
            2800,
            2900,
            99999
          ],
          "total_berry_phase": 0.0,
          "c1_raw": 0.0,
          "c1_quantized": 0,
          "n_sign_flips": 0,
          "mean_overlap": 0.9584940175362857,
          "min_overlap": 0.4462393220478212,
          "total_arc_length": 5.601544387771724,
          "mean_fs_distance": 0.18671814625905744,
          "n_negative_bargmann": 0,
          "mean_bargmann": 0.9143030173661182
        },
        "L1": {
          "n_snapshots": 31,
          "steps": [
            0,
            100,
            200,
            300,
            400,
            500,
            600,
            700,
            800,
            900,
            1000,
            1100,
            1200,
            1300,
            1400,
            1500,
            1600,
            1700,
            1800,
            1900,
            2000,
            2100,
            2200,
            2300,
            2400,
            2500,
            2600,
            2700,
            2800,
            2900,
            99999
          ],
          "total_berry_phase": 0.0,
          "c1_raw": 0.0,
          "c1_quantized": 0,
          "n_sign_flips": 0,
          "mean_overlap": 0.9520754906814596,
          "min_overlap": 0.5003844960393431,
          "total_arc_length": 7.257487819870107,
          "mean_fs_distance": 0.2419162606623369,
          "n_negative_bargmann": 0,
          "mean_bargmann": 0.8868359026183642
        },
        "L2": {
          "n_snapshots": 31,
          "steps": [
            0,
            100,
            200,
            300,
            400,
            500,
            600,
            700,
            800,
            900,
            1000,
            1100,
            1200,
            1300,
            1400,
            1500,
            1600,
            1700,
            1800,
            1900,
            2000,
            2100,
            2200,
            2300,
            2400,
            2500,
            2600,
            2700,
            2800,
            2900,
            99999
          ],
          "total_berry_phase": 0.0,
          "c1_raw": 0.0,
          "c1_quantized": 0,
          "n_sign_flips": 0,
          "mean_overlap": 0.9370057003050112,
          "min_overlap": 0.49039081667410217,
          "total_arc_length": 9.115756450255766,
          "mean_fs_distance": 0.3038585483418589,
          "n_negative_bargmann": 0,
          "mean_bargmann": 0.8418321103823567
        },
        "L3": {
          "n_snapshots": 31,
          "steps": [
            0,
            100,
            200,
            300,
            400,
            500,
            600,
            700,
            800,
            900,
            1000,
            1100,
            1200,
            1300,
            1400,
            1500,
            1600,
            1700,
            1800,
            1900,
            2000,
            2100,
            2200,
            2300,
            2400,
            2500,
            2600,
            2700,
            2800,
            2900,
            99999
          ],
          "total_berry_phase": 0.0,
          "c1_raw": 0.0,
          "c1_quantized": 0,
          "n_sign_flips": 0,
          "mean_overlap": 0.9274078219062194,
          "min_overlap": 0.414161234861524,
          "total_arc_length": 10.121736838023283,
          "mean_fs_distance": 0.3373912279341094,
          "n_negative_bargmann": 0,
          "mean_bargmann": 0.8165842232873016
        },
        "L4": {
          "n_snapshots": 31,
          "steps": [
            0,
            100,
            200,
            300,
            400,
            500,
            600,
            700,
            800,
            900,
            1000,
            1100,
            1200,
            1300,
            1400,
            1500,
            1600,
            1700,
            1800,
            1900,
            2000,
            2100,
            2200,
            2300,
            2400,
            2500,
            2600,
            2700,
            2800,
            2900,
            99999
          ],
          "total_berry_phase": 0.0,
          "c1_raw": 0.0,
          "c1_quantized": 0,
          "n_sign_flips": 0,
          "mean_overlap": 0.9320586938687454,
          "min_overlap": 0.39410801567605513,
          "total_arc_length": 10.00159428019232,
          "mean_fs_distance": 0.33338647600641064,
          "n_negative_bargmann": 0,
          "mean_bargmann": 0.8291157605320878
        },
        "L5": {
          "n_snapshots": 31,
          "steps": [
            0,
            100,
            200,
            300,
            400,
            500,
            600,
            700,
            800,
            900,
            1000,
            1100,
            1200,
            1300,
            1400,
            1500,
            1600,
            1700,
            1800,
            1900,
            2000,
            2100,
            2200,
            2300,
            2400,
            2500,
            2600,
            2700,
            2800,
            2900,
            99999
          ],
          "total_berry_phase": 0.0,
          "c1_raw": 0.0,
          "c1_quantized": 0,
          "n_sign_flips": 0,
          "mean_overlap": 0.9471476195986757,
          "min_overlap": 0.33414130826787564,
          "total_arc_length": 8.40127583019642,
          "mean_fs_distance": 0.280042527673214,
          "n_negative_bargmann": 0,
          "mean_bargmann": 0.8724047883969827
        }
      }
    },
    "geometric_lambda_0.5": {
      "lambda": 0.5,
      "label": "geometric_lambda_0.5",
      "n_snapshots": 31,
      "cross_layer_bundle": {
        "chern_class": {
          "c1": -0.07880872459993542,
          "c1_quantized": 0,
          "quantization_residual": 0.07880872459993542,
          "total_berry_phase": -0.4951698204838766,
          "n_loops": 30,
          "mean_curvature": 0.02014522962381223,
          "verdict": "TRIVIAL",
          "notes": "c\u2081 = -0.0788 \u2248 0 (residual 0.0788). Total Berry phase = -0.4952 rad over 30 segments. Mean |curvature| = 0.020145 rad/step."
        },
        "sign_persistence": {
          "training": 1.0
        },
        "founding_curvature_trend": "SHRINKING"
      },
      "temporal_holonomy": {
        "L0": {
          "n_snapshots": 31,