{
  "timestamp": "20260404T185932Z",
  "model": "gpt2-124M",
  "k_loops": 200,
  "n_loop_points": 4,
  "n_gauge_samples": 16,
  "description": "Emotional Geometry Bridge v2: calm, desperate, joy",
  "concepts": {
    "calm": {
      "valence": "positive",
      "dimensions": {
        "2": {
          "n_complex": 2,
          "mean_abs_phase": 0.2567337235874719,
          "mean_signed_phase": -0.02840791188977572,
          "std": 0.4765739658763887,
          "orientation_sum": -0.005781406373973924,
          "mann_whitney_p": 0.8793463828631054,
          "n_valid": 200,
          "phases_summary": {
            "n": 200,
            "mean_abs": 0.2567337235874719,
            "std": 0.4765739658763887
          }
        },
        "4": {
          "n_complex": 4,
          "mean_abs_phase": 0.3721852865120214,
          "mean_signed_phase": -0.06878512447384917,
          "std": 0.5874675354636293,
          "orientation_sum": -0.06882190016420545,
          "mann_whitney_p": 0.15044225585315835,
          "n_valid": 200,
          "phases_summary": {
            "n": 200,
            "mean_abs": 0.3721852865120214,
            "std": 0.5874675354636293
          }
        },
        "8": {
          "n_complex": 8,
          "mean_abs_phase": 0.742370718437235,
          "mean_signed_phase": -0.03731409400090414,
          "std": 1.0732871123507826,
          "orientation_sum": -0.07020623163195416,
          "mann_whitney_p": 0.30172350612300947,
          "n_valid": 200,
          "phases_summary": {
            "n": 200,
            "mean_abs": 0.742370718437235,
            "std": 1.0732871123507826
          }
        },
        "16": {
          "n_complex": 16,
          "mean_abs_phase": 0.7026741587281391,
          "mean_signed_phase": 0.19419357262652845,
          "std": 0.984636804692356,
          "orientation_sum": 0.11789456059597878,
          "mann_whitney_p": 0.2150126768401197,
          "n_valid": 200,
          "phases_summary": {
            "n": 200,
            "mean_abs": 0.7026741587281391,
            "std": 0.984636804692356
          }
        }
      }
    },
    "desperate": {
      "valence": "negative",
      "dimensions": {
        "2": {
          "n_complex": 2,
          "mean_abs_phase": 0.24027354907178172,
          "mean_signed_phase": -0.08913623982245213,
          "std": 0.5044216246296065,
          "orientation_sum": -0.07677068943513264,
          "mann_whitney_p": 0.12104219316641797,
          "n_valid": 200,
          "phases_summary": {
            "n": 200,
            "mean_abs": 0.24027354907178172,
            "std": 0.5044216246296065
          }
        },
        "4": {
          "n_complex": 4,
          "mean_abs_phase": 0.15038503013219728,
          "mean_signed_phase": 0.02100494528748852,
          "std": 0.2344313709831214,
          "orientation_sum": -0.02635423637649371,
          "mann_whitney_p": 0.5377141213500878,
          "n_valid": 200,
          "phases_summary": {
            "n": 200,
            "mean_abs": 0.15038503013219728,
            "std": 0.2344313709831214
          }
        },
        "8": {
          "n_complex": 8,
          "mean_abs_phase": 0.4169628922860402,
          "mean_signed_phase": -0.0283135033700119,
          "std": 0.7223834501119284,
          "orientation_sum": -0.024988918674204566,
          "mann_whitney_p": 0.8193776248705046,
          "n_valid": 200,
          "phases_summary": {
            "n": 200,
            "mean_abs": 0.4169628922860402,
            "std": 0.7223834501119284
          }
        },
        "16": {
          "n_complex": 16,
          "mean_abs_phase": 0.23205754596070904,
          "mean_signed_phase": 0.00029567404485417723,
          "std": 0.4142122546754394,
          "orientation_sum": -0.0524729957208652,
          "mann_whitney_p": 0.43223659784063206,
          "n_valid": 200,
          "phases_summary": {
            "n": 200,
            "mean_abs": 0.23205754596070904,
            "std": 0.4142122546754394
          }
        }
      }
    },
    "joy": {
      "valence": "positive",
      "dimensions": {
        "2": {
          "n_complex": 2,
          "mean_abs_phase": 0.022258609124903107,
          "mean_signed_phase": 0.005799659990722255,
          "std": 0.032043884627442114,
          "orientation_sum": 0.0009517624326728577,
          "mann_whitney_p": 0.0003830916102318535,
          "n_valid": 200,
          "phases_summary": {
            "n": 200,
            "mean_abs": 0.022258609124903107,
            "std": 0.032043884627442114
          }
        },
        "4": {
          "n_complex": 4,
          "mean_abs_phase": 0.037070978212144876,
          "mean_signed_phase": -0.0070319329953013685,
          "std": 0.052504397176794323,
          "orientation_sum": 0.004914271663539584,
          "mann_whitney_p": 0.6770653356464047,
          "n_valid": 200,
          "phases_summary": {
            "n": 200,
            "mean_abs": 0.037070978212144876,
            "std": 0.052504397176794323
          }
        },
        "8": {
          "n_complex": 8,
          "mean_abs_phase": 0.10557114816680509,
          "mean_signed_phase": -0.0012279383057451831,
          "std": 0.1825467266427948,
          "orientation_sum": -0.002952396416978612,
          "mann_whitney_p": 0.47281617270924015,
          "n_valid": 200,
          "phases_summary": {
            "n": 200,
            "mean_abs": 0.10557114816680509,
            "std": 0.1825467266427948
          }
        },
        "16": {
          "n_complex": 16,
          "mean_abs_phase": 0.053591301060069416,
          "mean_signed_phase": -0.00042393302765433074,
          "std": 0.09135878111802076,
          "orientation_sum": 0.013344002496482654,
          "mann_whitney_p": 0.5950662696805868,
          "n_valid": 200,
          "phases_summary": {
            "n": 200,
            "mean_abs": 0.053591301060069416,
            "std": 0.09135878111802076
          }
        }
      }
    }
  }
}