{
  "concept": "threshold",
  "timestamp": "20260313T021002Z",
  "model": "gpt2-124M",
  "n_loop_points_per_edge": 6,
  "n_shuffles": 500,
  "phase_ccw": 5.551115123125789e-17,
  "phase_ccw_first": 2.2204460492503072e-16,
  "phase_cw": 4.440892098500639e-16,
  "orientation_sum": 4.996003610813218e-16,
  "phase_tall": -4.1633363423443364e-17,
  "shape_delta": 9.714451465470125e-17,
  "phase_fast": 0.0,
  "schedule_delta": 5.551115123125789e-17,
  "null_mean": -1.434963259328013e-17,
  "null_std": 2.1075550966911894e-16,
  "z_score": NaN,
  "p_value": 5.638499212375388e-13,
  "delta_accumulation": -1.6653345369377284e-16,
  "geometric_evidence": [
    "orientation flip holds (sum=0.000)",
    "shape invariance holds",
    "schedule invariance holds",
    "significant (p=0.0000)"
  ],
  "geometric_against": [],
  "verdict": "GEOMETRIC PHASE CANDIDATE",
  "null_phases": [
    0.0,
    1.387778780781448e-17,
    -5.551115123125779e-17,
    3.330669073875469e-16,
    -5.551115123125786e-17,
    -3.9551695252271157e-16,
    -6.938893903907231e-17,
    0.0,
    4.4408920985006183e-16,
    -1.6653345369377346e-16,
    -1.6653345369377319e-16,
    -4.1633363423443346e-17,
    5.551115123125784e-17,
    2.2204460492503116e-16,
    -7.632783294297965e-17,
    -5.551115123125775e-17,
    1.665334536937736e-16,
    4.1633363423443454e-16,
    -1.1102230246251538e-16,
    -2.2204460492503091e-16,
    1.1102230246251563e-16,
    5.551115123125779e-17,
    -1.110223024625155e-16,
    -5.5511151231257667e-17,
    5.551115123125793e-17,
    5.551115123125789e-17,
    -2.775557561562888e-16,
    -2.2204460492503195e-16,
    -2.0816681711721688e-16,
    1.6653345369377353e-16,
    4.857225732735058e-17,
    1.1102230246251565e-16,
    2.775557561562888e-16,
    1.665334536937735e-16,
    1.6653345369377353e-16,
    4.440892098500624e-16,
    2.844946500601965e-16,
    -1.665334536937737e-16,
    0.0,
    -2.220446049250312e-16,
    -1.1102230246251565e-16,
    5.551115123125778e-17,
    -9.714451465470114e-17,
    -3.330669073875465e-16,
    -1.6653345369377323e-16,
    1.665334536937731e-16,
    3.3306690738754647e-16,
    -4.163336342344325e-16,
    0.0,
    1.6653345369377378e-16,
    1.665334536937739e-16,
    1.6653345369377356e-16,
    2.9837243786801146e-16,
    0.0,
    -5.551115123125783e-17,
    5.551115123125769e-17,
    3.330669073875457e-16,
    5.5511151231257815e-17,
    -2.2204460492503106e-16,
    7.632783294297941e-17,
    1.6653345369377338e-16,
    -2.7755575615628933e-16,
    1.110223024625155e-16,
    -5.551115123125783e-17,
    1.1102230246251583e-16,
    -1.1102230246251533e-16,
    -1.457167719820517e-16,
    -2.775557561562893e-16,
    1.1102230246251583e-16,
    2.2204460492503136e-16,
    2.775557561562893e-16,
    -1.1102230246251575e-16,
    5.551115123125779e-17,
    -1.1102230246251573e-16,
    1.665334536937734e-16,
    2.2204460492503091e-16,
    -4.44089209850062e-16,
    4.16333634234434e-17,
    -1.665334536937732e-16,
    -1.110223024625155e-16,
    5.551115123125784e-17,
    -5.5511151231257704e-17,
    3.3306690738754637e-16,
    -1.6653345369377333e-16,
    1.1102230246251531e-16,
    -2.6367796834847443e-16,
    -3.3306690738754667e-16,
    -1.1102230246251531e-16,
    -3.885780586188042e-16,
    -1.3877787807814484e-16,
    -9.714451465470125e-17,
    0.0,
    1.1102230246251588e-16,
    -1.6653345369377319e-16,
    5.551115123125791e-17,
    1.5265566588595902e-16,
    5.551115123125778e-17,
    -1.1102230246251553e-16,
    -1.526556658859592e-16,
    1.3877787807814484e-17,
    4.163336342344339e-17,
    -5.55111512312578e-17,
    -5.551115123125786e-17,
    -2.7755575615628864e-17,
    0.0,
    -4.996003610813201e-16,
    -1.1102230246251563e-16,
    5.551115123125784e-17,
    -2.2204460492503146e-16,
    -5.551115123125781e-16,
    6.938893903907227e-17,
    -1.110223024625156e-16,
    -1.110223024625156e-16,
    1.2490009027032984e-16,
    3.330669073875462e-16,
    2.220446049250312e-16,
    0.0,
    -3.8857805861880533e-16,
    5.551115123125781e-17,
    -2.220446049250313e-16,
    -1.6653345369377323e-16,
    3.330669073875472e-16,
    1.1102230246251568e-16,
    2.7755575615628864e-16,
    0.0,
    5.551115123125788e-17,
    -3.330669073875475e-16,
    3.3306690738754647e-16,
    -5.551115123125762e-17,
    5.551115123125773e-17,
    1.6653345369377333e-16,
    0.0,
    -1.110223024625155e-16,
    2.2898349882893814e-16,
    1.6653345369377378e-16,
    0.0,
    5.551115123125783e-17,
    -3.3306690738754667e-16,
    -4.579669976578767e-16,
    -1.665334536937734e-16,
    5.5511151231257716e-17,
    0.0,
    0.0,
    -3.5388358909926815e-16,
    -2.7755575615628943e-16,
    -2.775557561562893e-16,
    3.4694469519536086e-17,
    0.0,
    -3.330669073875475e-16,
    -2.289834988289385e-16,
    -3.3306690738754637e-16,
    5.551115123125791e-17,
    6.245004513516496e-17,
    4.371503159461545e-16,
    0.0,
    -1.3877787807814444e-17,
    -1.6653345369377326e-16,
    -1.1102230246251548e-16,
    -5.551115123125784e-17,
    2.844946500601964e-16,
    2.2204460492503146e-16,
    4.3021142204224796e-16,
    0.0,
    1.1102230246251521e-16,
    1.1102230246251565e-16,
    -1.110223024625156e-16,
    2.2204460492503175e-16,
    -2.220446049250318e-16,
    -2.3592239273284626e-16,
    0.0,
    4.440892098500623e-16,
    1.6653345369377346e-16,
    -1.6653345369377348e-16,
    -3.330669073875475e-16,
    -5.551115123125778e-17,
    -8.326672684688656e-17,
    1.1102230246251548e-16,
    0.0,
    0.0,
    1.1102230246251585e-16,
    1.1102230246251548e-16,
    -1.1102230246251558e-16,
    -2.22044604925031e-16,
    0.0,
    0.0,
    2.5673907444456775e-16,
    0.0,
    0.0,
    -2.220446049250314e-16,
    -1.6653345369377353e-16,
    0.0,
    -5.5511151231257765e-17,
    0.0,
    1.1102230246251588e-16,
    -5.5511151231257815e-17,
    5.551115123125785e-17,
    -5.551115123125779e-17,
    9.714451465470105e-17,
    -3.330669073875466e-16,
    4.996003610813204e-16,
    1.6653345369377356e-16,
    2.2204460492503086e-16,
    0.0,
    -1.1102230246251556e-16,
    5.551115123125778e-17,
    3.3306690738754676e-16,
    3.95516952522712e-16,
    -3.3306690738754607e-16,
    -1.665334536937734e-16,
    -1.1102230246251558e-16,
    5.551115123125791e-17,
    -1.1102230246251565e-16,
    -1.6653345369377346e-16,
    -5.55111512312579e-17,
    -1.1102230246251588e-16,
    -3.8857805861880504e-16,
    1.6653345369377348e-16,
    -5.5511151231257765e-17,
    -5.551115123125788e-17,
    0.0,
    -9.714451465470128e-17,
    4.024558464266203e-16,
    -3.3306690738754603e-16,
    -7.632783294297939e-17,
    -1.2490009027033036e-16,
    -1.6653345369377378e-16,
    -3.3306690738754765e-16,
    2.0122792321330984e-16,
    -5.551115123125789e-17,
    2.775557561562891e-16,
    -4.996003610813195e-16,
    -1.1102230246251575e-16,
    1.6653345369377304e-16,
    -3.885780586188043e-16,
    3.330669073875479e-16,
    9.020562075079381e-17,
    -4.16333634234434e-17,
    -5.551115123125784e-17,
    -4.44089209850063e-16,
    -1.6653345369377383e-16,
    -1.1102230246251556e-16,
    1.6653345369377323e-16,
    -5.551115123125783e-17,
    1.6653345369377319e-16,
    2.775557561562888e-16,
    1.1102230246251541e-16,
    1.1102230246251568e-16,
    3.3306690738754637e-16,
    -9.714451465470126e-17,
    -1.3183898417423722e-16,
    -1.526556658859591e-16,
    -2.2204460492503155e-16,
    -2.359223927328461e-16,
    1.942890293094025e-16,
    -2.775557561562898e-16,
    2.7755575615628864e-17,
    1.1102230246251538e-16,
    -1.6653345369377346e-16,
    1.3877787807814441e-17,
    -1.387778780781448e-16,
    -9.71445146547012e-17,
    0.0,
    -5.55111512312578e-17,
    1.1102230246251565e-16,
    3.330669073875465e-16,
    -2.359223927328462e-16,
    1.6653345369377373e-16,
    3.3306690738754627e-16,
    1.3877787807814441e-17,
    0.0,
    0.0,
    1.6653345369377304e-16,
    -3.677613769070832e-16,
    -3.1918911957973255e-16,
