{
  "timestamp": "20260313T123629Z",
  "n_trials": 200,
  "steps_per_concept": 10,
  "lr": 0.01,
  "reframe": "Curvature inheres in learning (update-and-project), not static representations. Parameter gap after a closed data-loop is the holonomy. Orientation-dependence and area-scaling are the real tests.",
  "cw_mean": 0.2442490775883198,
  "cw_std": 0.04073398714550093,
  "ccw_mean": 0.2442133641242981,
  "ccw_std": 0.04060624538619578,
  "null_mean": 0.24402143217623234,
  "null_std": 0.04088056399161197,
  "orientation_p": 0.9930155974694133,
  "cw_vs_null_mw_p": 0.9214528332076629,
  "mean_dissipation_cw": 0.010257654890418052,
  "mean_dissipation_ccw": 0.010253179408609868,
  "area_scaling": {
    "steps": [
      2,
      5,
      10,
      20,
      40
    ],
    "cw_mean_gaps": [
      0.055916071832180024,
      0.13084035903215407,
      0.25611714214086534,
      0.45413878202438357,
      0.8423373055458069
    ],
    "pearson_r": 0.9988507484782795,
    "pearson_p": 4.676076498807645e-05,
    "spearman_r": 0.9999999999999999,
    "spearman_p": 1.4042654220543602e-24
  },
  "verdict": "WEAK SIGNAL \u2014 partial evidence",
  "evidence_for": [
    "area scaling holds (r=0.999, p=4.6761e-05)"
  ],
  "evidence_against": [
    "no orientation dependence (p=9.9302e-01)",
    "structured loop = null (MW p=9.2145e-01)"
  ]
}