{
  "timestamp": "2026-04-04T13:49:34.558448+00:00",
  "description": "Single v3 Pancharatnam phase on IBM: the surgical test",
  "phase_rad": 1.2689,
  "p0_theory": 0.648666,
  "p0_measured": 0.651367,
  "delta": 0.002702,
  "counts": {
    "0": 2668,
    "1": 1428
  },
  "shots": 4096
}