{
  "loopy": {
    "h_loss": 178.8517303466797,
    "has_grad": true
  },
  "linear": {
    "h_loss": 316.56707763671875,
    "has_grad": true
  },
  "deep": {
    "h_loss": 93.15982818603516,
    "has_grad": true
  }
}