{
  "best_config": {
    "value": {
      "learn_steps": 5,
      "learn_lr": 0.010034,
      "temperature": 0.9599,
      "alpha": 0.75
    },
    "timestamp": 1774470836.1248555
  },
  "best_fitness": {
    "value": 0.890207,
    "timestamp": 1774470836.124928
  },
  "last_generation": {
    "value": 1,
    "timestamp": 1774470836.1345606
  }
}