{
  "config": {
    "steps": 100,
    "lr": 0.005,
    "context_lines": 3,
    "block_size": 16,
    "n_train": 22917,
    "n_eval": 100
  },
  "baseline": {
    "eval_transport": 3.8925158097507513,
    "eval_standard": 3.602582096148774
  },
  "checkpoints": [
    {
      "step": 50,
      "eval_transport": 3.8058,
      "eval_standard": 3.6409,
      "transport_effect": 0.1649,
      "elapsed_s": 57.5
    },
    {
      "step": 100,
      "eval_transport": 3.7842,
      "eval_standard": 3.6292,
      "transport_effect": 0.155,
      "elapsed_s": 116.8
    }
  ],
  "step_losses": [
    3.9224,
    3.3084,
    2.3251,
    3.1861,
    3.3112,
    2.6538,
    2.5406,
    4.1692,
    3.7337,
    2.2977,
    3.6666,
    2.5817,
    2.0264,
    2.7055,
    2.8601,
    2.9223,
    3.0025,
    2.5932,
    2.4921,
    2.5512,
    3.0546,
    2.9573,
    2.7026,
    2.8379,
    2.4744,
    2.6138,
    2.2314,
    2.5664,
    2.9532,
    1.8975,
    3.1392,
    2.2731,
    2.762,
    2.3502,
    2.354,
    2.9143,
    2.2646,
    3.6534,
    1.9696,
    2.6241,
    2.3835,
    2.7091,
    2.6224,
    2.764,
    2.9113,
    2.7073,
    3.2665,
    2.8954,
    2.8219,
    2.7243,
    3.1021,
    2.6727,
    2.7669,
    2.4343,
    2.7657,
    2.3118,
    2.3974,
    2.8648,
    2.6896,
    2.9839,
    2.2982,
    2.5219,
    2.9092,
    2.2193,
    3.2748,
    2.9423,
    3.06,
    2.8194,
    3.0706,
    2.6146,
    3.6776,
    2.4073,
    2.4998,
    2.6845,
    2.5899,
    2.6542,
    2.8467,
    2.9233,
    2.6015,
    3.496,
    2.4562,
    2.777,
    2.3826,
    2.4311,
    2.4357,
    2.7042,
    2.7984,
    2.5693,
    2.6248,
    2.8121,
    2.4083,
    2.7867,
    3.1735,
    2.4237,
    2.6281,
    2.6667,
    3.0239,
    2.4195,
    2.254,
    2.671
  ]
}