{
  "id": "v_20260326_132902_3086",
  "config": {
    "learn_steps": 5,
    "learn_lr": 0.010034,
    "temperature": 0.9599,
    "alpha": 0.75
  },
  "fitness": 0.915837,
  "curvature": 0.778567,
  "betti": [
    1,
    0,
    0
  ],
  "generation": 8,
  "parent_id": "v_20260326_124801_7795",
  "timestamp": "2026-03-26T13:29:02.871745+00:00"
}