{
  "id": "v_20260326_125752_9612",
  "config": {
    "learn_steps": 5,
    "learn_lr": 0.009499,
    "temperature": 1.033,
    "alpha": 0.7
  },
  "fitness": 0.916455,
  "curvature": 0.778567,
  "betti": [
    1,
    0,
    0
  ],
  "generation": 6,
  "parent_id": "v_20260326_124832_9648",
  "timestamp": "2026-03-26T12:57:52.743999+00:00"
}