{
  "id": "v_20260326_145012_4623",
  "config": {
    "learn_steps": 5,
    "learn_lr": 0.00475,
    "temperature": 1.033,
    "alpha": 0.7
  },
  "fitness": 0.742605,
  "curvature": 0.111536,
  "betti": [
    1,
    20,
    0
  ],
  "generation": 40,
  "parent_id": "v_20260326_124315_8687",
  "timestamp": "2026-03-26T14:50:12.718071+00:00"
}