{
  "id": "v_20260326_132920_5493",
  "config": {
    "learn_steps": 5,
    "learn_lr": 0.010214,
    "temperature": 1.0302,
    "alpha": 0.8
  },
  "fitness": 0.915723,
  "curvature": 0.519044,
  "betti": [
    1,
    0,
    0
  ],
  "generation": 8,
  "parent_id": "v_20260326_124913_5041",
  "timestamp": "2026-03-26T13:29:20.362982+00:00"
}