{
  "id": "v_20260326_144300_8829",
  "config": {
    "learn_steps": 7,
    "learn_lr": 0.00475,
    "temperature": 1.033,
    "alpha": 0.65
  },
  "fitness": 0.952004,
  "curvature": 0.223071,
  "betti": [
    1,
    20,
    0
  ],
  "generation": 38,
  "parent_id": "v_20260326_143626_7055",
  "timestamp": "2026-03-26T14:43:00.825140+00:00"
}