{
  "id": "v_20260327_122024_9507",
  "config": {
    "learn_steps": 5,
    "learn_lr": 0.00475,
    "temperature": 1.033,
    "alpha": 0.7
  },
  "fitness": 0.397098,
  "curvature": 0.0,
  "betti": [
    1,
    20,
    0
  ],
  "generation": 43,
  "parent_id": "v_20260326_133213_3713",
  "timestamp": "2026-03-27T12:20:24.363564+00:00"
}