{
  "id": "v_20260327_122120_1950",
  "config": {
    "learn_steps": 7,
    "learn_lr": 0.00814,
    "temperature": 0.9576,
    "alpha": 0.75
  },
  "fitness": 0.332315,
  "curvature": 0.0,
  "betti": [
    1,
    20,
    0
  ],
  "generation": 43,
  "parent_id": "v_20260326_132855_8578",
  "timestamp": "2026-03-27T12:21:20.416989+00:00"
}