{
  "id": "v_20260326_144741_8410",
  "config": {
    "learn_steps": 3,
    "learn_lr": 0.00274,
    "temperature": 0.7715525015513054,
    "alpha": 0.8361204583061053
  },
  "fitness": 0.918027,
  "curvature": 0.223071,
  "betti": [
    1,
    20,
    0
  ],
  "generation": 39,
  "parent_id": "v2_20260326_134812_4465",
  "timestamp": "2026-03-26T14:47:41.668928+00:00"
}