{
  "id": "v_20260326_124446_9637",
  "config": {
    "learn_steps": 5,
    "learn_lr": 0.010034,
    "temperature": 0.9599,
    "alpha": 0.75
  },
  "fitness": 0.915837,
  "curvature": 0.778567,
  "betti": [
    1,
    0,
    0
  ],
  "generation": 3,
  "parent_id": "v_20260325_203352_3362",
  "timestamp": "2026-03-26T12:44:46.501746+00:00"
}