{
  "id": "v_20260327_120955_4548",
  "config": {
    "learn_steps": 5,
    "learn_lr": 0.00814,
    "temperature": 0.9576,
    "alpha": 0.8
  },
  "fitness": 0.835724,
  "curvature": 0.148714,
  "betti": [
    1,
    20,
    0
  ],
  "generation": 42,
  "parent_id": "v_20260326_142907_1549",
  "timestamp": "2026-03-27T12:09:55.061889+00:00"
}