{
  "id": "v_20260327_120625_2646",
  "config": {
    "learn_steps": 7,
    "learn_lr": 0.00814,
    "temperature": 0.9576,
    "alpha": 0.8
  },
  "fitness": 0.952213,
  "curvature": 0.223071,
  "betti": [
    1,
    20,
    0
  ],
  "generation": 41,
  "parent_id": "v_20260326_125306_8065",
  "timestamp": "2026-03-27T12:06:25.328152+00:00"
}