{
  "id": "v_20260328_151215_1967",
  "config": {
    "learn_steps": 7,
    "learn_lr": 0.010034,
    "temperature": 0.9599,
    "alpha": 0.7
  },
  "fitness": 0.685573,
  "curvature": 0.187992,
  "betti": [
    1,
    0,
    0
  ],
  "felt_winding": 0.5589,
  "winding_coherence": 0.9991543157871179,
  "generation": 49,
  "parent_id": "v_20260326_144004_1258",
  "timestamp": "2026-03-28T15:12:15.326341+00:00"
}