{
  "id": "v_20260326_142629_9408",
  "config": {
    "learn_steps": 5,
    "learn_lr": 0.009499,
    "temperature": 1.033,
    "alpha": 0.7
  },
  "fitness": 0.952199,
  "curvature": 0.223071,
  "betti": [
    1,
    20,
    0
  ],
  "generation": 34,
  "parent_id": "v_20260326_125704_9187",
  "timestamp": "2026-03-26T14:26:29.738101+00:00"
}