{
  "id": "v_20260326_133204_1207",
  "config": {
    "learn_steps": 5,
    "learn_lr": 0.00814,
    "temperature": 0.9576,
    "alpha": 0.8
  },
  "fitness": 0.919433,
  "curvature": 0.778567,
  "betti": [
    1,
    0,
    0
  ],
  "generation": 9,
  "parent_id": "v_20260326_125723_2432",
  "timestamp": "2026-03-26T13:32:04.917042+00:00"
}