{
  "id": "v_20260326_140800_3161",
  "config": {
    "learn_steps": 5,
    "learn_lr": 0.009177,
    "temperature": 0.9646,
    "alpha": 0.75
  },
  "fitness": 0.723983,
  "curvature": 0.064001,
  "betti": [
    1,
    20,
    0
  ],
  "generation": 31,
  "parent_id": "v_20260326_125914_9740",
  "timestamp": "2026-03-26T14:08:00.270298+00:00"
}