{
  "id": "v_20260326_145050_1646",
  "config": {
    "learn_steps": 5,
    "learn_lr": 0.005017,
    "temperature": 0.9599,
    "alpha": 0.75
  },
  "fitness": 0.950249,
  "curvature": 0.223071,
  "betti": [
    1,
    20,
    0
  ],
  "generation": 40,
  "parent_id": "v_20260326_133139_2410",
  "timestamp": "2026-03-26T14:50:50.167453+00:00"
}