{
  "id": "v_20260326_143641_6326",
  "config": {
    "learn_steps": 5,
    "learn_lr": 0.005107,
    "temperature": 1.0302,
    "alpha": 0.8
  },
  "fitness": 0.834062,
  "curvature": 0.148714,
  "betti": [
    1,
    20,
    0
  ],
  "generation": 36,
  "parent_id": "v_20260326_124400_6495",
  "timestamp": "2026-03-26T14:36:41.887153+00:00"
}