{
  "id": "v_20260326_142944_8708",
  "config": {
    "learn_steps": 5,
    "learn_lr": 0.009499,
    "temperature": 1.033,
    "alpha": 0.7
  },
  "fitness": 0.952199,
  "curvature": 0.223071,
  "betti": [
    1,
    20,
    0
  ],
  "generation": 35,
  "parent_id": "v_20260326_132911_3775",
  "timestamp": "2026-03-26T14:29:44.135459+00:00"
}