{
  "id": "v_20260326_133147_2389",
  "config": {
    "learn_steps": 5,
    "learn_lr": 0.009499,
    "temperature": 1.033,
    "alpha": 0.7
  },
  "fitness": 0.916455,
  "curvature": 0.778567,
  "betti": [
    1,
    0,
    0
  ],
  "generation": 9,
  "parent_id": "v_20260326_124204_7623",
  "timestamp": "2026-03-26T13:31:47.022803+00:00"
}