{
  "id": "v_20260326_143946_3611",
  "config": {
    "learn_steps": 5,
    "learn_lr": 0.00814,
    "temperature": 0.9576,
    "alpha": 0.8
  },
  "fitness": 0.835724,
  "curvature": 0.148714,
  "betti": [
    1,
    20,
    0
  ],
  "generation": 37,
  "parent_id": "v_20260326_132855_8578",
  "timestamp": "2026-03-26T14:39:46.943377+00:00"
}