{
  "id": "v_20260326_134617_4062",
  "config": {
    "learn_steps": 5,
    "learn_lr": 0.00814,
    "temperature": 0.9576,
    "alpha": 0.8
  },
  "fitness": 0.595264,
  "curvature": 0.135381,
  "betti": [
    2,
    21,
    0
  ],
  "generation": 10,
  "parent_id": null,
  "timestamp": "2026-03-26T13:46:17.610112+00:00",
  "corpus": "live_prose"
}