{
  "id": "v_20260326_125101_2719",
  "config": {
    "learn_steps": 5,
    "learn_lr": 0.010034,
    "temperature": 0.9599,
    "alpha": 0.75
  },
  "fitness": 0.84318,
  "curvature": 0.228267,
  "betti": [
    1,
    0,
    0
  ],
  "generation": 6,
  "parent_id": "v_20260326_124853_9703",
  "timestamp": "2026-03-26T12:51:01.516431+00:00"
}