{
  "id": "v_20260326_140137_5293",
  "config": {
    "learn_steps": 5,
    "learn_lr": 0.010214,
    "temperature": 1.0302,
    "alpha": 0.8
  },
  "fitness": 0.724731,
  "curvature": 0.064001,
  "betti": [
    1,
    20,
    0
  ],
  "generation": 16,
  "parent_id": "v_20260326_125655_3057",
  "timestamp": "2026-03-26T14:01:37.965886+00:00"
}