{
  "id": "v_20260327_120918_2070",
  "config": {
    "learn_steps": 5,
    "learn_lr": 0.010034,
    "temperature": 0.9599,
    "alpha": 0.75
  },
  "fitness": 0.835898,
  "curvature": 0.148714,
  "betti": [
    1,
    20,
    0
  ],
  "generation": 42,
  "parent_id": "v_20260325_203352_3362",
  "timestamp": "2026-03-27T12:09:18.943293+00:00"
}