{
  "id": "v_20260326_140652_1061",
  "config": {
    "learn_steps": 5,
    "learn_lr": 0.009499,
    "temperature": 1.033,
    "alpha": 0.7
  },
  "fitness": 0.63625,
  "curvature": 0.042667,
  "betti": [
    1,
    20,
    0
  ],
  "generation": 28,
  "parent_id": "v_20260326_125704_9187",
  "timestamp": "2026-03-26T14:06:52.432989+00:00"
}