{
  "id": "v_20260327_122110_3055",
  "config": {
    "learn_steps": 5,
    "learn_lr": 0.010034,
    "temperature": 0.9599,
    "alpha": 0.75
  },
  "fitness": 0.3364,
  "curvature": 0.0,
  "betti": [
    1,
    20,
    0
  ],
  "generation": 43,
  "parent_id": "v_20260326_124532_4430",
  "timestamp": "2026-03-27T12:21:10.136716+00:00"
}