{
  "id": "v_20260326_144245_1704",
  "config": {
    "learn_steps": 7,
    "learn_lr": 0.005107,
    "temperature": 1.0302,
    "alpha": 0.75
  },
  "fitness": 0.835747,
  "curvature": 0.148714,
  "betti": [
    1,
    20,
    0
  ],
  "generation": 38,
  "parent_id": "v_20260326_143641_6326",
  "timestamp": "2026-03-26T14:42:45.431749+00:00"
}