{
  "id": "v_20260326_143721_4773",
  "config": {
    "learn_steps": 5,
    "learn_lr": 0.004588,
    "temperature": 0.9646,
    "alpha": 0.75
  },
  "fitness": 0.833172,
  "curvature": 0.148714,
  "betti": [
    1,
    20,
    0
  ],
  "generation": 36,
  "parent_id": "v_20260326_130511_9993",
  "timestamp": "2026-03-26T14:37:21.115277+00:00"
}