{
  "id": "v_20260326_144420_1782",
  "config": {
    "learn_steps": 7,
    "learn_lr": 0.00814,
    "temperature": 0.9576,
    "alpha": 0.75
  },
  "fitness": 0.835949,
  "curvature": 0.148714,
  "betti": [
    1,
    20,
    0
  ],
  "generation": 38,
  "parent_id": "v_20260326_142907_1549",
  "timestamp": "2026-03-26T14:44:20.909942+00:00"
}