{
  "id": "v_20260326_140145_4776",
  "config": {
    "learn_steps": 5,
    "learn_lr": 0.009499,
    "temperature": 1.033,
    "alpha": 0.7
  },
  "fitness": 0.660955,
  "curvature": 0.040076,
  "betti": [
    1,
    20,
    0
  ],
  "generation": 17,
  "parent_id": "v_20260326_125704_9187",
  "timestamp": "2026-03-26T14:01:45.887915+00:00"
}