{
  "id": "v_20260327_135409_6187",
  "config": {
    "learn_steps": 5,
    "learn_lr": 0.005107,
    "temperature": 1.0302,
    "alpha": 0.8
  },
  "fitness": 0.666497,
  "curvature": 0.157099,
  "betti": [
    1,
    20,
    0
  ],
  "generation": 47,
  "parent_id": "v_20260326_125655_3057",
  "timestamp": "2026-03-27T13:54:09.520260+00:00",
  "weight_topo": 0.0
}