{
  "id": "v_20260326_142702_7195",
  "config": {
    "learn_steps": 5,
    "learn_lr": 0.010034,
    "temperature": 0.9599,
    "alpha": 0.75
  },
  "fitness": 0.952191,
  "curvature": 0.223071,
  "betti": [
    1,
    20,
    0
  ],
  "generation": 34,
  "parent_id": "v_20260326_125435_2305",
  "timestamp": "2026-03-26T14:27:02.882230+00:00"
}