{
  "id": "v_20260326_140630_4078",
  "config": {
    "learn_steps": 5,
    "learn_lr": 0.00814,
    "temperature": 0.9576,
    "alpha": 0.8
  },
  "fitness": 0.637483,
  "curvature": 0.042667,
  "betti": [
    1,
    20,
    0
  ],
  "generation": 27,
  "parent_id": "v_20260326_130146_5466",
  "timestamp": "2026-03-26T14:06:30.263922+00:00"
}