{
  "id": "v_20260326_133122_6745",
  "config": {
    "learn_steps": 5,
    "learn_lr": 0.010034,
    "temperature": 0.9599,
    "alpha": 0.75
  },
  "fitness": 0.83231,
  "curvature": 0.217397,
  "betti": [
    1,
    0,
    0
  ],
  "generation": 9,
  "parent_id": "v_20260326_124801_7795",
  "timestamp": "2026-03-26T13:31:22.909492+00:00"
}