{
  "id": "v_20260326_140506_4414",
  "config": {
    "learn_steps": 5,
    "learn_lr": 0.010034,
    "temperature": 0.9599,
    "alpha": 0.75
  },
  "fitness": 0.662583,
  "curvature": 0.040076,
  "betti": [
    1,
    20,
    0
  ],
  "generation": 25,
  "parent_id": "v_20260326_124221_8450",
  "timestamp": "2026-03-26T14:05:06.826708+00:00"
}