{
  "id": "v_20260326_130608_7295",
  "config": {
    "learn_steps": 5,
    "learn_lr": 0.010034,
    "temperature": 0.9599,
    "alpha": 0.75
  },
  "fitness": 0.915837,
  "curvature": 0.778567,
  "betti": [
    1,
    0,
    0
  ],
  "generation": 7,
  "parent_id": "v_20260326_125221_4111",
  "timestamp": "2026-03-26T13:06:08.997777+00:00"
}