{
  "id": "v2_20260326_134855_6085",
  "config": {
    "alpha": 0.6769005321216036,
    "learn_lr": 0.024410539253921976,
    "learn_steps": 5,
    "temperature": 1.2881313491054338
  },
  "fitness": 0.74132,
  "curvature": 0.090156,
  "betti": [
    1,
    20,
    0
  ],
  "generation": 11,
  "corpus": "live_prose_v2",
  "components": {
    "nc": 0.4338,
    "nd": 0.6944,
    "nl": 1.0,
    "nt": 0.72,
    "ng": 1.0
  },
  "timestamp": "2026-03-26T13:48:55.620185+00:00"
}