{
  "id": "v_20260326_143617_3782",
  "config": {
    "learn_steps": 5,
    "learn_lr": 0.005017,
    "temperature": 0.9599,
    "alpha": 0.75
  },
  "fitness": 0.802903,
  "curvature": 0.114974,
  "betti": [
    1,
    14,
    0
  ],
  "generation": 36,
  "parent_id": "v_20260326_142702_7195",
  "timestamp": "2026-03-26T14:36:17.829410+00:00"
}