{
  "id": "v_20260327_134455_7523",
  "config": {
    "learn_steps": 7,
    "learn_lr": 0.004588,
    "temperature": 1.1646,
    "alpha": 0.75
  },
  "fitness": 0.876873,
  "curvature": 0.223071,
  "betti": [
    1,
    20,
    0
  ],
  "generation": 44,
  "parent_id": "v_20260326_143729_7118",
  "timestamp": "2026-03-27T13:44:55.424506+00:00"
}