{
  "id": "v_20260327_120702_7264",
  "config": {
    "learn_steps": 7,
    "learn_lr": 0.005107,
    "temperature": 1.0302,
    "alpha": 0.8
  },
  "fitness": 0.952011,
  "curvature": 0.223071,
  "betti": [
    1,
    20,
    0
  ],
  "generation": 41,
  "parent_id": "v_20260326_125635_6238",
  "timestamp": "2026-03-27T12:07:02.349609+00:00"
}