{
  "id": "v_20260326_140845_2314",
  "config": {
    "learn_steps": 5,
    "learn_lr": 0.009177,
    "temperature": 0.9646,
    "alpha": 0.75
  },
  "fitness": 0.723983,
  "curvature": 0.064001,
  "betti": [
    1,
    20,
    0
  ],
  "generation": 33,
  "parent_id": "v_20260326_125213_3881",
  "timestamp": "2026-03-26T14:08:45.384896+00:00"
}