{
  "id": "v_20260326_130128_9293",
  "config": {
    "learn_steps": 5,
    "learn_lr": 0.009177,
    "temperature": 0.9646,
    "alpha": 0.75
  },
  "fitness": 0.917278,
  "curvature": 0.778567,
  "betti": [
    1,
    0,
    0
  ],
  "generation": 6,
  "parent_id": "v_20260326_124333_5480",
  "timestamp": "2026-03-26T13:01:28.724494+00:00"
}