{
  "id": "v_20260326_143626_7055",
  "config": {
    "learn_steps": 5,
    "learn_lr": 0.00475,
    "temperature": 1.033,
    "alpha": 0.7
  },
  "fitness": 0.949825,
  "curvature": 0.223071,
  "betti": [
    1,
    20,
    0
  ],
  "generation": 36,
  "parent_id": "v_20260326_130008_5360",
  "timestamp": "2026-03-26T14:36:26.307881+00:00"
}