{
  "id": "v_20260327_120637_9244",
  "config": {
    "learn_steps": 7,
    "learn_lr": 0.00475,
    "temperature": 1.033,
    "alpha": 0.7
  },
  "fitness": 0.951969,
  "curvature": 0.223071,
  "betti": [
    1,
    20,
    0
  ],
  "generation": 41,
  "parent_id": "v_20260326_125358_3599",
  "timestamp": "2026-03-27T12:06:37.428354+00:00"
}