{
  "id": "v_20260326_132829_2917",
  "config": {
    "learn_steps": 5,
    "learn_lr": 0.00814,
    "temperature": 0.9576,
    "alpha": 0.8
  },
  "fitness": 0.817528,
  "curvature": 0.198493,
  "betti": [
    1,
    0,
    0
  ],
  "generation": 8,
  "parent_id": "v_20260326_125239_6326",
  "timestamp": "2026-03-26T13:28:29.923405+00:00"
}