{
  "id": "v_20260326_125723_2432",
  "config": {
    "learn_steps": 5,
    "learn_lr": 0.00814,
    "temperature": 0.9576,
    "alpha": 0.8
  },
  "fitness": 0.919433,
  "curvature": 0.778567,
  "betti": [
    1,
    0,
    0
  ],
  "generation": 6,
  "parent_id": "v_20260326_124504_3343",
  "timestamp": "2026-03-26T12:57:23.686600+00:00"
}