{
  "id": "v_20260326_142653_6791",
  "config": {
    "learn_steps": 5,
    "learn_lr": 0.00814,
    "temperature": 0.9576,
    "alpha": 0.8
  },
  "fitness": 0.835724,
  "curvature": 0.148714,
  "betti": [
    1,
    20,
    0
  ],
  "generation": 34,
  "parent_id": "v_20260325_203309_2666",
  "timestamp": "2026-03-26T14:26:53.635148+00:00"
}