{
  "id": "v_20260326_144501_2405",
  "config": {
    "learn_steps": 10,
    "learn_lr": 0.008835308268877906,
    "temperature": 0.8845967567622094,
    "alpha": 0.600634
  },
  "fitness": 0.952356,
  "curvature": 0.223071,
  "betti": [
    1,
    20,
    0
  ],
  "generation": 38,
  "parent_id": "v2_20260326_134832_4924",
  "timestamp": "2026-03-26T14:45:01.465038+00:00"
}