{
  "id": "v2_20260326_134841_1443",
  "config": {
    "alpha": 0.7524343006714973,
    "learn_lr": 0.00852116510911859,
    "learn_steps": 3,
    "temperature": 1.4118812464164716
  },
  "fitness": 0.697138,
  "curvature": 0.10915,
  "betti": [
    1,
    14,
    0
  ],
  "generation": 11,
  "corpus": "live_prose_v2",
  "components": {
    "nc": 0.5251,
    "nd": 0.7771,
    "nl": 0.5581,
    "nt": 0.744,
    "ng": 1.0
  },
  "timestamp": "2026-03-26T13:48:41.770930+00:00"
}