{
  "id": "v_20260326_144735_4270",
  "config": {
    "learn_steps": 5,
    "learn_lr": 0.005017,
    "temperature": 0.9599,
    "alpha": 0.75
  },
  "fitness": 0.833956,
  "curvature": 0.148714,
  "betti": [
    1,
    20,
    0
  ],
  "generation": 39,
  "parent_id": "v_20260326_124800_8731",
  "timestamp": "2026-03-26T14:47:35.121002+00:00"
}