{
  "id": "v_20260326_143705_5918",
  "config": {
    "learn_steps": 5,
    "learn_lr": 0.005017,
    "temperature": 0.9599,
    "alpha": 0.75
  },
  "fitness": 0.950249,
  "curvature": 0.223071,
  "betti": [
    1,
    20,
    0
  ],
  "generation": 36,
  "parent_id": "v_20260326_132902_3086",
  "timestamp": "2026-03-26T14:37:05.698288+00:00"
}