{
  "id": "v_20260326_144419_4451",
  "config": {
    "learn_steps": 7,
    "learn_lr": 0.00814,
    "temperature": 0.9576,
    "alpha": 0.75
  },
  "fitness": 0.952242,
  "curvature": 0.223071,
  "betti": [
    1,
    20,
    0
  ],
  "generation": 38,
  "parent_id": "v_20260326_125723_2432",
  "timestamp": "2026-03-26T14:44:19.408026+00:00"
}