{
  "id": "v_20260326_143955_8456",
  "config": {
    "learn_steps": 5,
    "learn_lr": 0.010214,
    "temperature": 1.0302,
    "alpha": 0.8
  },
  "fitness": 0.952168,
  "curvature": 0.223071,
  "betti": [
    1,
    20,
    0
  ],
  "generation": 37,
  "parent_id": "v_20260326_124120_5726",
  "timestamp": "2026-03-26T14:39:55.860405+00:00"
}