{
  "id": "v_20260327_134444_5471",
  "config": {
    "learn_steps": 7,
    "learn_lr": 0.00814,
    "temperature": 1.1576,
    "alpha": 0.8
  },
  "fitness": 0.841486,
  "curvature": 0.126471,
  "betti": [
    1,
    14,
    0
  ],
  "generation": 44,
  "parent_id": "v_20260326_142907_1549",
  "timestamp": "2026-03-27T13:44:44.968063+00:00"
}