{
  "id": "v_20260327_120936_2140",
  "config": {
    "learn_steps": 5,
    "learn_lr": 0.00407,
    "temperature": 0.9576,
    "alpha": 0.8
  },
  "fitness": 0.94806,
  "curvature": 0.223071,
  "betti": [
    1,
    20,
    0
  ],
  "generation": 42,
  "parent_id": "v_20260326_140119_7937",
  "timestamp": "2026-03-27T12:09:36.745235+00:00"
}