{
  "id": "v_20260326_130026_5498",
  "config": {
    "learn_steps": 5,
    "learn_lr": 0.010214,
    "temperature": 1.0302,
    "alpha": 0.8
  },
  "fitness": 0.915723,
  "curvature": 0.778567,
  "betti": [
    1,
    0,
    0
  ],
  "generation": 6,
  "parent_id": "v_20260326_124342_6873",
  "timestamp": "2026-03-26T13:00:26.668089+00:00"
}