{
  "id": "v_20260326_144342_9146",
  "config": {
    "learn_steps": 7,
    "learn_lr": 0.010214,
    "temperature": 1.0302,
    "alpha": 0.75
  },
  "fitness": 0.95225,
  "curvature": 0.223071,
  "betti": [
    1,
    20,
    0
  ],
  "generation": 38,
  "parent_id": "v_20260326_132920_5493",
  "timestamp": "2026-03-26T14:43:42.233713+00:00"
}