{
  "id": "v_20260327_135050_2200",
  "config": {
    "learn_steps": 7,
    "learn_lr": 0.00407,
    "temperature": 0.9576,
    "alpha": 0.8
  },
  "fitness": 0.840209,
  "curvature": 0.126471,
  "betti": [
    1,
    14,
    0
  ],
  "generation": 46,
  "parent_id": "v_20260326_144715_1641",
  "timestamp": "2026-03-27T13:50:50.048092+00:00",
  "weight_topo": 1.0
}