{
  "id": "v2_20260326_134925_5911",
  "config": {
    "alpha": 0.8419864547979479,
    "learn_lr": 0.0234986532356463,
    "learn_steps": 12,
    "temperature": 0.7699773160982307
  },
  "fitness": 0.667905,
  "curvature": 0.043677,
  "betti": [
    2,
    21,
    0
  ],
  "generation": 11,
  "corpus": "live_prose_v2",
  "components": {
    "nc": 0.2101,
    "nd": 0.6069,
    "nl": 1.0,
    "nt": 0.72,
    "ng": 1.0
  },
  "timestamp": "2026-03-26T13:49:25.757375+00:00"
}