{
  "id": "v_20260328_151211_5518",
  "config": {
    "learn_steps": 7,
    "learn_lr": 0.00475,
    "temperature": 1.033,
    "alpha": 0.65
  },
  "fitness": 0.685199,
  "curvature": 0.187992,
  "betti": [
    1,
    0,
    0
  ],
  "felt_winding": 0.5405,
  "winding_coherence": 0.0,
  "generation": 49,
  "parent_id": "v_20260326_144811_7703",
  "timestamp": "2026-03-28T15:12:11.260372+00:00"
}