{
  "id": "v_20260326_144327_7223",
  "config": {
    "learn_steps": 7,
    "learn_lr": 0.005017,
    "temperature": 0.9599,
    "alpha": 0.7
  },
  "fitness": 0.95205,
  "curvature": 0.223071,
  "betti": [
    1,
    20,
    0
  ],
  "generation": 38,
  "parent_id": "v_20260326_143634_1140",
  "timestamp": "2026-03-26T14:43:27.354388+00:00"
}