{
  "id": "v_20260327_120851_9144",
  "config": {
    "learn_steps": 5,
    "learn_lr": 0.009499,
    "temperature": 1.033,
    "alpha": 0.7
  },
  "fitness": 0.952199,
  "curvature": 0.223071,
  "betti": [
    1,
    20,
    0
  ],
  "generation": 42,
  "parent_id": "v_20260326_142858_8190",
  "timestamp": "2026-03-27T12:08:51.279794+00:00"
}