{
  "id": "v_20260326_143936_9803",
  "config": {
    "learn_steps": 5,
    "learn_lr": 0.009499,
    "temperature": 1.033,
    "alpha": 0.7
  },
  "fitness": 0.952199,
  "curvature": 0.223071,
  "betti": [
    1,
    20,
    0
  ],
  "generation": 37,
  "parent_id": "v_20260326_124427_3176",
  "timestamp": "2026-03-26T14:39:36.886302+00:00"
}