{
  "id": "v_20260326_124602_4303",
  "config": {
    "learn_steps": 5,
    "learn_lr": 0.009177,
    "temperature": 0.9646,
    "alpha": 0.75
  },
  "fitness": 0.917278,
  "curvature": 0.778567,
  "betti": [
    1,
    0,
    0
  ],
  "generation": 3,
  "parent_id": "v_20260325_203356_4608",
  "timestamp": "2026-03-26T12:46:02.451577+00:00"
}