{
  "id": "v_20260326_142926_5949",
  "config": {
    "learn_steps": 5,
    "learn_lr": 0.00814,
    "temperature": 0.9576,
    "alpha": 0.8
  },
  "fitness": 0.952017,
  "curvature": 0.223071,
  "betti": [
    1,
    20,
    0
  ],
  "generation": 35,
  "parent_id": "v_20260326_125306_8065",
  "timestamp": "2026-03-26T14:29:26.171462+00:00"
}