{
  "id": "v_20260326_135737_1429",
  "config": {
    "learn_steps": 5,
    "learn_lr": 0.009177,
    "temperature": 0.9646,
    "alpha": 0.75
  },
  "fitness": 0.723983,
  "curvature": 0.064001,
  "betti": [
    1,
    20,
    0
  ],
  "generation": 12,
  "parent_id": "v_20260326_125230_5220",
  "timestamp": "2026-03-26T13:57:37.328876+00:00"
}