{
  "id": "v_20260326_132911_3775",
  "config": {
    "learn_steps": 5,
    "learn_lr": 0.009499,
    "temperature": 1.033,
    "alpha": 0.7
  },
  "fitness": 0.916455,
  "curvature": 0.778567,
  "betti": [
    1,
    0,
    0
  ],
  "generation": 8,
  "parent_id": "v_20260326_130008_5360",
  "timestamp": "2026-03-26T13:29:11.960884+00:00"
}