{
  "id": "v_20260326_144707_2979",
  "config": {
    "learn_steps": 5,
    "learn_lr": 0.005017,
    "temperature": 0.9599,
    "alpha": 0.75
  },
  "fitness": 0.812819,
  "curvature": 0.120449,
  "betti": [
    1,
    14,
    0
  ],
  "generation": 39,
  "parent_id": "v_20260326_125248_6682",
  "timestamp": "2026-03-26T14:47:07.804366+00:00"
}