{
  "id": "v_20260326_144407_2382",
  "config": {
    "learn_steps": 7,
    "learn_lr": 0.009177,
    "temperature": 0.9646,
    "alpha": 0.7
  },
  "fitness": 0.95228,
  "curvature": 0.223071,
  "betti": [
    1,
    20,
    0
  ],
  "generation": 38,
  "parent_id": "v_20260326_142558_8504",
  "timestamp": "2026-03-26T14:44:07.614878+00:00"
}