{
  "id": "v_20260327_134724_3604",
  "config": {
    "learn_steps": 5,
    "learn_lr": 0.002294,
    "temperature": 0.9646,
    "alpha": 0.75
  },
  "fitness": 0.74442,
  "curvature": 0.148714,
  "betti": [
    1,
    20,
    0
  ],
  "generation": 45,
  "parent_id": "v_20260326_143721_4773",
  "timestamp": "2026-03-27T13:47:24.402510+00:00"
}