{
  "id": "v_20260326_135948_9442",
  "config": {
    "learn_steps": 5,
    "learn_lr": 0.010214,
    "temperature": 1.0302,
    "alpha": 0.8
  },
  "fitness": 0.747137,
  "curvature": 0.064066,
  "betti": [
    1,
    27,
    0
  ],
  "generation": 14,
  "parent_id": "v_20260326_125350_5249",
  "timestamp": "2026-03-26T13:59:48.164415+00:00"
}