{
  "id": "v_20260326_140823_8184",
  "config": {
    "learn_steps": 5,
    "learn_lr": 0.009499,
    "temperature": 1.033,
    "alpha": 0.7
  },
  "fitness": 0.63625,
  "curvature": 0.042667,
  "betti": [
    1,
    20,
    0
  ],
  "generation": 32,
  "parent_id": "v_20260326_135957_9212",
  "timestamp": "2026-03-26T14:08:23.095827+00:00"
}