{
  "id": "v_20260326_135710_1567",
  "config": {
    "learn_steps": 5,
    "learn_lr": 0.010214,
    "temperature": 1.0302,
    "alpha": 0.8
  },
  "fitness": 0.724731,
  "curvature": 0.064001,
  "betti": [
    1,
    20,
    0
  ],
  "generation": 12,
  "parent_id": "v_20260326_130026_5498",
  "timestamp": "2026-03-26T13:57:10.394132+00:00"
}