{
  "id": "v_20260326_135957_9212",
  "config": {
    "learn_steps": 5,
    "learn_lr": 0.009499,
    "temperature": 1.033,
    "alpha": 0.7
  },
  "fitness": 0.723314,
  "curvature": 0.064001,
  "betti": [
    1,
    20,
    0
  ],
  "generation": 14,
  "parent_id": "v_20260326_124832_9648",
  "timestamp": "2026-03-26T13:59:57.744863+00:00"
}