{
  "id": "v_20260327_120945_7347",
  "config": {
    "learn_steps": 5,
    "learn_lr": 0.005017,
    "temperature": 0.9599,
    "alpha": 0.75
  },
  "fitness": 0.950249,
  "curvature": 0.223071,
  "betti": [
    1,
    20,
    0
  ],
  "generation": 42,
  "parent_id": "v_20260326_124054_9877",
  "timestamp": "2026-03-27T12:09:45.458096+00:00"
}