{
  "id": "v_20260326_143917_2721",
  "config": {
    "learn_steps": 5,
    "learn_lr": 0.010214,
    "temperature": 1.0302,
    "alpha": 0.8
  },
  "fitness": 0.952168,
  "curvature": 0.223071,
  "betti": [
    1,
    20,
    0
  ],
  "generation": 37,
  "parent_id": "v_20260326_125350_5249",
  "timestamp": "2026-03-26T14:39:17.609910+00:00"
}