{
  "id": "v_20260326_144821_1678",
  "config": {
    "learn_steps": 5,
    "learn_lr": 0.00475,
    "temperature": 1.033,
    "alpha": 0.7
  },
  "fitness": 0.949825,
  "curvature": 0.223071,
  "betti": [
    1,
    20,
    0
  ],
  "generation": 39,
  "parent_id": "v_20260326_124129_6454",
  "timestamp": "2026-03-26T14:48:21.199147+00:00"
}