{
  "id": "v_20260326_140443_8281",
  "config": {
    "learn_steps": 5,
    "learn_lr": 0.010034,
    "temperature": 0.9599,
    "alpha": 0.75
  },
  "fitness": 0.712653,
  "curvature": 0.053434,
  "betti": [
    1,
    20,
    0
  ],
  "generation": 24,
  "parent_id": "v_20260326_132838_6440",
  "timestamp": "2026-03-26T14:04:43.385853+00:00"
}