{
  "id": "v_20260326_140155_7785",
  "config": {
    "learn_steps": 5,
    "learn_lr": 0.010214,
    "temperature": 1.0302,
    "alpha": 0.8
  },
  "fitness": 0.637667,
  "curvature": 0.042667,
  "betti": [
    1,
    20,
    0
  ],
  "generation": 17,
  "parent_id": "v_20260326_125635_6238",
  "timestamp": "2026-03-26T14:01:55.000689+00:00"
}