{
  "id": "v_20260326_134549_6172",
  "config": {
    "learn_steps": 5,
    "learn_lr": 0.00814,
    "temperature": 0.9576,
    "alpha": 0.8
  },
  "fitness": 0.418952,
  "curvature": 0.056856,
  "betti": [
    1,
    20,
    0
  ],
  "generation": 10,
  "parent_id": null,
  "timestamp": "2026-03-26T13:45:49.349065+00:00",
  "corpus": "live_prose"
}