{
  "id": "v_20260326_125256_5841",
  "config": {
    "learn_steps": 5,
    "learn_lr": 0.009177,
    "temperature": 0.9646,
    "alpha": 0.75
  },
  "fitness": 0.917278,
  "curvature": 0.778567,
  "betti": [
    1,
    0,
    0
  ],
  "generation": 6,
  "parent_id": "v_20260326_124045_1539",
  "timestamp": "2026-03-26T12:52:56.777000+00:00"
}