{
  "id": "v_20260326_144022_2416",
  "config": {
    "learn_steps": 5,
    "learn_lr": 0.009499,
    "temperature": 1.033,
    "alpha": 0.7
  },
  "fitness": 0.744979,
  "curvature": 0.111536,
  "betti": [
    1,
    20,
    0
  ],
  "generation": 37,
  "parent_id": "v_20260326_142629_9408",
  "timestamp": "2026-03-26T14:40:22.431511+00:00"
}