{
  "id": "v_20260326_143657_6398",
  "config": {
    "learn_steps": 5,
    "learn_lr": 0.00475,
    "temperature": 1.033,
    "alpha": 0.7
  },
  "fitness": 0.742605,
  "curvature": 0.111536,
  "betti": [
    1,
    20,
    0
  ],
  "generation": 36,
  "parent_id": "v_20260326_124751_7488",
  "timestamp": "2026-03-26T14:36:57.819361+00:00"
}