{
  "id": "v_20260327_120833_5565",
  "config": {
    "learn_steps": 5,
    "learn_lr": 0.010214,
    "temperature": 1.0302,
    "alpha": 0.8
  },
  "fitness": 0.820453,
  "curvature": 0.114974,
  "betti": [
    1,
    14,
    0
  ],
  "generation": 42,
  "parent_id": "v_20260326_124913_5041",
  "timestamp": "2026-03-27T12:08:33.131089+00:00"
}