{
  "id": "v_20260327_120548_6230",
  "config": {
    "learn_steps": 7,
    "learn_lr": 0.005107,
    "temperature": 1.0302,
    "alpha": 0.8
  },
  "fitness": 0.835718,
  "curvature": 0.148714,
  "betti": [
    1,
    20,
    0
  ],
  "generation": 41,
  "parent_id": "v_20260326_124730_9465",
  "timestamp": "2026-03-27T12:05:48.115420+00:00"
}