{
  "id": "v_20260326_144004_1258",
  "config": {
    "learn_steps": 5,
    "learn_lr": 0.010034,
    "temperature": 0.9599,
    "alpha": 0.75
  },
  "fitness": 0.952191,
  "curvature": 0.223071,
  "betti": [
    1,
    20,
    0
  ],
  "generation": 37,
  "parent_id": "v_20260326_133239_8348",
  "timestamp": "2026-03-26T14:40:04.626036+00:00"
}