{
  "id": "v_20260329_140508_1691",
  "config": {
    "learn_steps": 7,
    "learn_lr": 0.010034,
    "temperature": 0.9599,
    "alpha": 0.7
  },
  "fitness": 0.747408,
  "curvature": 0.07085,
  "betti": [
    1,
    27,
    0
  ],
  "felt_winding": -0.6143,
  "winding_coherence": 0.3141307736883985,
  "generation": 50,
  "parent_id": "v_20260326_130536_7120",
  "timestamp": "2026-03-29T14:05:08.795356+00:00"
}