{
  "id": "v2_20260326_134812_4465",
  "config": {
    "alpha": 0.8361204583061053,
    "learn_lr": 0.005480848996820405,
    "learn_steps": 3,
    "temperature": 0.7715525015513054
  },
  "fitness": 0.662751,
  "curvature": 0.10915,
  "betti": [
    2,
    21,
    0
  ],
  "generation": 11,
  "corpus": "live_prose_v2",
  "components": {
    "nc": 0.5251,
    "nd": 0.7486,
    "nl": 0.3707,
    "nt": 0.788,
    "ng": 1.0
  },
  "timestamp": "2026-03-26T13:48:12.135900+00:00"
}