{
  "id": "v_20260326_140736_1904",
  "config": {
    "learn_steps": 5,
    "learn_lr": 0.010034,
    "temperature": 0.9599,
    "alpha": 0.75
  },
  "fitness": 0.63697,
  "curvature": 0.042667,
  "betti": [
    1,
    20,
    0
  ],
  "generation": 30,
  "parent_id": "v_20260326_125248_6682",
  "timestamp": "2026-03-26T14:07:36.904610+00:00"
}