{
  "id": "v_20260327_134714_9626",
  "config": {
    "learn_steps": 5,
    "learn_lr": 0.00407,
    "temperature": 0.9576,
    "alpha": 0.8
  },
  "fitness": 0.87306,
  "curvature": 0.223071,
  "betti": [
    1,
    20,
    0
  ],
  "generation": 45,
  "parent_id": "v_20260326_132855_8578",
  "timestamp": "2026-03-27T13:47:14.643445+00:00"
}