{
  "id": "v_20260326_124721_8573",
  "config": {
    "learn_steps": 5,
    "learn_lr": 0.010034,
    "temperature": 0.9599,
    "alpha": 0.75
  },
  "fitness": 0.915837,
  "curvature": 0.778567,
  "betti": [
    1,
    0,
    0
  ],
  "generation": 4,
  "parent_id": "v_20260326_124221_8450",
  "timestamp": "2026-03-26T12:47:21.901341+00:00"
}