{
  "id": "v_20260326_140559_2257",
  "config": {
    "learn_steps": 5,
    "learn_lr": 0.009499,
    "temperature": 1.033,
    "alpha": 0.7
  },
  "fitness": 0.711024,
  "curvature": 0.053434,
  "betti": [
    1,
    20,
    0
  ],
  "generation": 26,
  "parent_id": "v_20260326_140145_4776",
  "timestamp": "2026-03-26T14:05:59.034336+00:00"
}