{
  "id": "v_20260327_122016_2071",
  "config": {
    "learn_steps": 5,
    "learn_lr": 0.010588,
    "temperature": 0.9748,
    "alpha": 0.7
  },
  "fitness": 0.427349,
  "curvature": 0.0,
  "betti": [
    1,
    20,
    0
  ],
  "generation": 43,
  "parent_id": "v_20260326_124821_9170",
  "timestamp": "2026-03-27T12:20:16.527459+00:00"
}