{
  "id": "v_20260326_143649_4267",
  "config": {
    "learn_steps": 5,
    "learn_lr": 0.004588,
    "temperature": 0.9646,
    "alpha": 0.75
  },
  "fitness": 0.742246,
  "curvature": 0.111536,
  "betti": [
    1,
    20,
    0
  ],
  "generation": 36,
  "parent_id": "v_20260326_142621_8064",
  "timestamp": "2026-03-26T14:36:49.538680+00:00"
}