{
  "id": "v_20260326_140750_3159",
  "config": {
    "learn_steps": 5,
    "learn_lr": 0.009177,
    "temperature": 0.9646,
    "alpha": 0.75
  },
  "fitness": 0.662513,
  "curvature": 0.040076,
  "betti": [
    1,
    20,
    0
  ],
  "generation": 31,
  "parent_id": "v_20260326_124612_3978",
  "timestamp": "2026-03-26T14:07:50.518396+00:00"
}