{
  "id": "v_20260327_135423_3767",
  "config": {
    "learn_steps": 5,
    "learn_lr": 0.005017,
    "temperature": 0.9599,
    "alpha": 0.75
  },
  "fitness": 0.790269,
  "curvature": 0.261832,
  "betti": [
    1,
    20,
    0
  ],
  "generation": 47,
  "parent_id": "v_20260326_124831_4230",
  "timestamp": "2026-03-27T13:54:23.628016+00:00",
  "weight_topo": 0.0
}