{
  "id": "v_20260327_134527_4253",
  "config": {
    "learn_steps": 7,
    "learn_lr": 0.00407,
    "temperature": 1.1576,
    "alpha": 0.8
  },
  "fitness": 0.876533,
  "curvature": 0.223071,
  "betti": [
    1,
    20,
    0
  ],
  "generation": 44,
  "parent_id": "v_20260327_120936_2140",
  "timestamp": "2026-03-27T13:45:27.313176+00:00"
}