{
  "id": "v_20260326_144753_1640",
  "config": {
    "learn_steps": 7,
    "learn_lr": 0.00475,
    "temperature": 1.033,
    "alpha": 0.65
  },
  "fitness": 0.952004,
  "curvature": 0.223071,
  "betti": [
    1,
    20,
    0
  ],
  "generation": 39,
  "parent_id": "v_20260326_144352_3836",
  "timestamp": "2026-03-26T14:47:53.761783+00:00"
}