{
  "id": "v_20260326_125626_5874",
  "config": {
    "learn_steps": 5,
    "learn_lr": 0.010034,
    "temperature": 0.9599,
    "alpha": 0.75
  },
  "fitness": 0.915837,
  "curvature": 0.519044,
  "betti": [
    1,
    0,
    0
  ],
  "generation": 6,
  "parent_id": "v_20260326_124821_1018",
  "timestamp": "2026-03-26T12:56:26.278252+00:00"
}