{
  "id": "v_20260326_140255_1688",
  "config": {
    "learn_steps": 5,
    "learn_lr": 0.010214,
    "temperature": 1.0302,
    "alpha": 0.8
  },
  "fitness": 0.71431,
  "curvature": 0.053434,
  "betti": [
    1,
    20,
    0
  ],
  "generation": 20,
  "parent_id": "v_20260326_124903_8242",
  "timestamp": "2026-03-26T14:02:55.045778+00:00"
}