{
  "id": "v_20260326_140406_5534",
  "config": {
    "learn_steps": 5,
    "learn_lr": 0.010214,
    "temperature": 1.0302,
    "alpha": 0.8
  },
  "fitness": 0.724731,
  "curvature": 0.064001,
  "betti": [
    1,
    20,
    0
  ],
  "generation": 22,
  "parent_id": "v_20260325_203305_5958",
  "timestamp": "2026-03-26T14:04:06.904502+00:00"
}