{
  "id": "v_20260326_144405_5060",
  "config": {
    "learn_steps": 7,
    "learn_lr": 0.009499,
    "temperature": 1.033,
    "alpha": 0.65
  },
  "fitness": 0.952316,
  "curvature": 0.223071,
  "betti": [
    1,
    20,
    0
  ],
  "generation": 38,
  "parent_id": "v_20260326_125155_4679",
  "timestamp": "2026-03-26T14:44:05.453399+00:00"
}