{
  "id": "v_20260326_130454_3486",
  "config": {
    "learn_steps": 5,
    "learn_lr": 0.009499,
    "temperature": 1.033,
    "alpha": 0.7
  },
  "fitness": 0.81814,
  "curvature": 0.207515,
  "betti": [
    1,
    0,
    0
  ],
  "generation": 7,
  "parent_id": "v_20260326_124751_7488",
  "timestamp": "2026-03-26T13:04:54.274120+00:00"
}