{
  "id": "v_20260326_142614_7902",
  "config": {
    "learn_steps": 5,
    "learn_lr": 0.010214,
    "temperature": 1.0302,
    "alpha": 0.8
  },
  "fitness": 0.952168,
  "curvature": 0.223071,
  "betti": [
    1,
    20,
    0
  ],
  "generation": 34,
  "parent_id": "v_20260326_125931_7703",
  "timestamp": "2026-03-26T14:26:14.171728+00:00"
}