{
  "id": "v_20260326_140727_6858",
  "config": {
    "learn_steps": 5,
    "learn_lr": 0.010214,
    "temperature": 1.0302,
    "alpha": 0.8
  },
  "fitness": 0.71431,
  "curvature": 0.053434,
  "betti": [
    1,
    20,
    0
  ],
  "generation": 30,
  "parent_id": "v_20260326_125802_3220",
  "timestamp": "2026-03-26T14:07:27.414790+00:00"
}