{
  "id": "v_20260326_140643_6667",
  "config": {
    "learn_steps": 5,
    "learn_lr": 0.009177,
    "temperature": 0.9646,
    "alpha": 0.75
  },
  "fitness": 0.662513,
  "curvature": 0.040076,
  "betti": [
    1,
    20,
    0
  ],
  "generation": 28,
  "parent_id": "v_20260326_124045_1539",
  "timestamp": "2026-03-26T14:06:43.649880+00:00"
}