{
  "id": "v_20260326_142621_8064",
  "config": {
    "learn_steps": 5,
    "learn_lr": 0.009177,
    "temperature": 0.9646,
    "alpha": 0.75
  },
  "fitness": 0.952147,
  "curvature": 0.223071,
  "betti": [
    1,
    20,
    0
  ],
  "generation": 34,
  "parent_id": "v_20260326_125830_7800",
  "timestamp": "2026-03-26T14:26:21.833707+00:00"
}