{
  "id": "v_20260327_122031_4506",
  "config": {
    "learn_steps": 5,
    "learn_lr": 0.010034,
    "temperature": 0.9599,
    "alpha": 0.75
  },
  "fitness": 0.377887,
  "curvature": 0.0,
  "betti": [
    1,
    20,
    0
  ],
  "generation": 43,
  "parent_id": "v_20260326_132936_3545",
  "timestamp": "2026-03-27T12:20:31.883955+00:00"
}