{
  "id": "v_20260326_125922_1142",
  "config": {
    "learn_steps": 5,
    "learn_lr": 0.010588,
    "temperature": 0.9748,
    "alpha": 0.7
  },
  "fitness": 0.914554,
  "curvature": 0.778567,
  "betti": [
    1,
    0,
    0
  ],
  "generation": 6,
  "parent_id": "v_20260326_124821_9170",
  "timestamp": "2026-03-26T12:59:22.738768+00:00"
}