{
  "id": "v_20260326_145022_7111",
  "config": {
    "learn_steps": 5,
    "learn_lr": 0.00475,
    "temperature": 1.033,
    "alpha": 0.7
  },
  "fitness": 0.949825,
  "curvature": 0.223071,
  "betti": [
    1,
    20,
    0
  ],
  "generation": 40,
  "parent_id": "v_20260326_125704_9187",
  "timestamp": "2026-03-26T14:50:22.481183+00:00"
}