{
  "id": "v_20260326_143729_7118",
  "config": {
    "learn_steps": 5,
    "learn_lr": 0.004588,
    "temperature": 0.9646,
    "alpha": 0.75
  },
  "fitness": 0.949465,
  "curvature": 0.223071,
  "betti": [
    1,
    20,
    0
  ],
  "generation": 36,
  "parent_id": "v_20260326_124333_5480",
  "timestamp": "2026-03-26T14:37:29.040237+00:00"
}