{
  "id": "v_20260327_135122_3819",
  "config": {
    "learn_steps": 7,
    "learn_lr": 0.010034,
    "temperature": 0.9599,
    "alpha": 0.75
  },
  "fitness": 0.877249,
  "curvature": 0.223071,
  "betti": [
    1,
    20,
    0
  ],
  "generation": 46,
  "parent_id": "v_20260326_130536_7120",
  "timestamp": "2026-03-27T13:51:22.611640+00:00",
  "weight_topo": 0.5
}