{
  "id": "v_20260326_142935_5916",
  "config": {
    "learn_steps": 5,
    "learn_lr": 0.009499,
    "temperature": 1.033,
    "alpha": 0.7
  },
  "fitness": 0.952199,
  "curvature": 0.223071,
  "betti": [
    1,
    20,
    0
  ],
  "generation": 35,
  "parent_id": "v_20260326_124811_2906",
  "timestamp": "2026-03-26T14:29:35.123548+00:00"
}