{
  "id": "v_20260327_122102_8228",
  "config": {
    "learn_steps": 7,
    "learn_lr": 0.010214,
    "temperature": 1.0302,
    "alpha": 0.8
  },
  "fitness": 0.342264,
  "curvature": 0.0,
  "betti": [
    1,
    20,
    0
  ],
  "generation": 43,
  "parent_id": "v_20260326_130205_8907",
  "timestamp": "2026-03-27T12:21:02.432549+00:00"
}