{
  "id": "v_20260326_124712_8635",
  "config": {
    "learn_steps": 5,
    "learn_lr": 0.010034,
    "temperature": 0.9599,
    "alpha": 0.75
  },
  "fitness": 0.822429,
  "curvature": 0.207515,
  "betti": [
    1,
    0,
    0
  ],
  "generation": 4,
  "parent_id": "v_20260326_124054_9877",
  "timestamp": "2026-03-26T12:47:12.454085+00:00"
}