{
  "id": "v_20260326_143634_1140",
  "config": {
    "learn_steps": 5,
    "learn_lr": 0.005017,
    "temperature": 0.9599,
    "alpha": 0.75
  },
  "fitness": 0.743029,
  "curvature": 0.111536,
  "betti": [
    1,
    20,
    0
  ],
  "generation": 36,
  "parent_id": "v_20260326_133239_8348",
  "timestamp": "2026-03-26T14:36:34.253544+00:00"
}