{
  "id": "v_20260326_135804_6210",
  "config": {
    "learn_steps": 5,
    "learn_lr": 0.010034,
    "temperature": 0.9599,
    "alpha": 0.75
  },
  "fitness": 0.762178,
  "curvature": 0.075315,
  "betti": [
    1,
    20,
    0
  ],
  "generation": 13,
  "parent_id": "v_20260326_124212_3425",
  "timestamp": "2026-03-26T13:58:04.951254+00:00"
}