{
  "id": "v_20260326_135822_4553",
  "config": {
    "learn_steps": 5,
    "learn_lr": 0.00814,
    "temperature": 0.9576,
    "alpha": 0.8
  },
  "fitness": 0.724547,
  "curvature": 0.064001,
  "betti": [
    1,
    20,
    0
  ],
  "generation": 13,
  "parent_id": "v_20260326_124631_2001",
  "timestamp": "2026-03-26T13:58:22.859658+00:00"
}