{
  "id": "v_20260326_140033_5644",
  "config": {
    "learn_steps": 5,
    "learn_lr": 0.010214,
    "temperature": 1.0302,
    "alpha": 0.8
  },
  "fitness": 0.747137,
  "curvature": 0.064066,
  "betti": [
    1,
    27,
    0
  ],
  "generation": 15,
  "parent_id": "v_20260326_125714_6055",
  "timestamp": "2026-03-26T14:00:33.161331+00:00"
}