{
  "id": "v_20260326_140525_3308",
  "config": {
    "learn_steps": 12,
    "learn_lr": 0.0234986532356463,
    "temperature": 0.7699773160982307,
    "alpha": 0.8419864547979479
  },
  "fitness": 0.725351,
  "curvature": 0.064001,
  "betti": [
    1,
    20,
    0
  ],
  "generation": 25,
  "parent_id": "v2_20260326_134925_5911",
  "timestamp": "2026-03-26T14:05:25.868752+00:00"
}