{
  "id": "v_20260326_142637_8635",
  "config": {
    "learn_steps": 5,
    "learn_lr": 0.010214,
    "temperature": 1.0302,
    "alpha": 0.8
  },
  "fitness": 0.952168,
  "curvature": 0.223071,
  "betti": [
    1,
    20,
    0
  ],
  "generation": 34,
  "parent_id": "v_20260326_124342_6873",
  "timestamp": "2026-03-26T14:26:37.547456+00:00"
}