{
  "id": "v_20260326_135719_3528",
  "config": {
    "learn_steps": 5,
    "learn_lr": 0.010034,
    "temperature": 0.9599,
    "alpha": 0.75
  },
  "fitness": 0.724034,
  "curvature": 0.064001,
  "betti": [
    1,
    20,
    0
  ],
  "generation": 12,
  "parent_id": "v_20260326_124238_4966",
  "timestamp": "2026-03-26T13:57:19.235589+00:00"
}