{
  "id": "v_20260326_143859_9192",
  "config": {
    "learn_steps": 5,
    "learn_lr": 0.00814,
    "temperature": 0.9576,
    "alpha": 0.8
  },
  "fitness": 0.840799,
  "curvature": 0.126471,
  "betti": [
    1,
    14,
    0
  ],
  "generation": 37,
  "parent_id": "v_20260326_125306_8065",
  "timestamp": "2026-03-26T14:38:59.320503+00:00"
}