{
  "id": "v_20260326_144433_7035",
  "config": {
    "learn_steps": 7,
    "learn_lr": 0.010214,
    "temperature": 1.0302,
    "alpha": 0.75
  },
  "fitness": 0.95225,
  "curvature": 0.223071,
  "betti": [
    1,
    20,
    0
  ],
  "generation": 38,
  "parent_id": "v_20260326_124513_9823",
  "timestamp": "2026-03-26T14:44:33.781683+00:00"
}