{
  "id": "v_20260327_122008_8608",
  "config": {
    "learn_steps": 5,
    "learn_lr": 0.010034,
    "temperature": 0.9599,
    "alpha": 0.75
  },
  "fitness": 0.451531,
  "curvature": 0.0,
  "betti": [
    1,
    14,
    0
  ],
  "generation": 43,
  "parent_id": "v_20260325_203352_3362",
  "timestamp": "2026-03-27T12:20:08.250636+00:00"
}