{
  "id": "v_20260329_140454_5441",
  "config": {
    "learn_steps": 7,
    "learn_lr": 0.00475,
    "temperature": 1.033,
    "alpha": 0.65
  },
  "fitness": 0.784165,
  "curvature": 0.093732,
  "betti": [
    1,
    14,
    0
  ],
  "felt_winding": -0.6565,
  "winding_coherence": 0.43980777198563653,
  "generation": 50,
  "parent_id": "v_20260326_144821_1678",
  "timestamp": "2026-03-29T14:04:54.126132+00:00"
}