{
  "id": "v_20260326_124809_1332",
  "config": {
    "learn_steps": 5,
    "learn_lr": 0.00814,
    "temperature": 0.9576,
    "alpha": 0.8
  },
  "fitness": 0.919433,
  "curvature": 0.778567,
  "betti": [
    1,
    0,
    0
  ],
  "generation": 3,
  "parent_id": "v_20260325_203309_2666",
  "timestamp": "2026-03-26T12:48:09.755624+00:00"
}