{
  "id": "v_20260326_124045_1539",
  "config": {
    "learn_steps": 5,
    "learn_lr": 0.009177,
    "temperature": 0.9646,
    "alpha": 0.75
  },
  "fitness": 0.8221,
  "curvature": 0.207515,
  "betti": [
    1,
    0,
    0
  ],
  "generation": 3,
  "parent_id": "v_20260325_203356_4608",
  "timestamp": "2026-03-26T12:40:45.911362+00:00"
}