{
  "id": "v_20260327_134733_2247",
  "config": {
    "learn_steps": 5,
    "learn_lr": 0.005107,
    "temperature": 1.0302,
    "alpha": 0.8
  },
  "fitness": 0.759062,
  "curvature": 0.148714,
  "betti": [
    1,
    20,
    0
  ],
  "generation": 45,
  "parent_id": "v_20260326_125548_7407",
  "timestamp": "2026-03-27T13:47:33.102168+00:00"
}