{
  "id": "v_20260326_145003_6802",
  "config": {
    "learn_steps": 5,
    "learn_lr": 0.005107,
    "temperature": 1.0302,
    "alpha": 0.8
  },
  "fitness": 0.823917,
  "curvature": 0.120449,
  "betti": [
    1,
    14,
    0
  ],
  "generation": 40,
  "parent_id": "v_20260326_125635_6238",
  "timestamp": "2026-03-26T14:50:03.690328+00:00"
}