{
  "id": "v_20260328_150919_5888",
  "config": {
    "learn_steps": 7,
    "learn_lr": 0.010214,
    "temperature": 1.0302,
    "alpha": 0.8
  },
  "fitness": 0.610573,
  "curvature": 0.187992,
  "betti": [
    1,
    0,
    0
  ],
  "felt_winding": null,
  "winding_coherence": null,
  "generation": 48,
  "parent_id": "v_20260326_124256_4403",
  "timestamp": "2026-03-28T15:09:19.881687+00:00"
}