{
  "id": "v_20260326_134604_3059",
  "config": {
    "learn_steps": 5,
    "learn_lr": 0.00814,
    "temperature": 0.9576,
    "alpha": 0.8
  },
  "fitness": 0.578225,
  "curvature": 0.14293,
  "betti": [
    1,
    20,
    0
  ],
  "generation": 10,
  "parent_id": null,
  "timestamp": "2026-03-26T13:46:04.377287+00:00",
  "corpus": "live_prose"
}