{
  "id": "v_20260326_144725_6637",
  "config": {
    "learn_steps": 5,
    "learn_lr": 0.005017,
    "temperature": 0.9599,
    "alpha": 0.75
  },
  "fitness": 0.950249,
  "curvature": 0.223071,
  "betti": [
    1,
    20,
    0
  ],
  "generation": 39,
  "parent_id": "v_20260326_142840_3144",
  "timestamp": "2026-03-26T14:47:25.499683+00:00"
}