{
  "id": "v_20260326_140041_1253",
  "config": {
    "learn_steps": 5,
    "learn_lr": 0.010034,
    "temperature": 0.9599,
    "alpha": 0.75
  },
  "fitness": 0.724034,
  "curvature": 0.064001,
  "betti": [
    1,
    20,
    0
  ],
  "generation": 15,
  "parent_id": "v_20260326_132838_6440",
  "timestamp": "2026-03-26T14:00:41.820950+00:00"
}