{
  "id": "v_20260326_143002_3822",
  "config": {
    "learn_steps": 5,
    "learn_lr": 0.009177,
    "temperature": 0.9646,
    "alpha": 0.75
  },
  "fitness": 0.952147,
  "curvature": 0.223071,
  "betti": [
    1,
    20,
    0
  ],
  "generation": 35,
  "parent_id": "v_20260326_124612_3978",
  "timestamp": "2026-03-26T14:30:02.107302+00:00"
}