{
  "id": "v_20260326_144232_3521",
  "config": {
    "learn_steps": 7,
    "learn_lr": 0.009177,
    "temperature": 0.9646,
    "alpha": 0.7
  },
  "fitness": 0.801116,
  "curvature": 0.114974,
  "betti": [
    1,
    14,
    0
  ],
  "generation": 38,
  "parent_id": "v_20260326_143002_3822",
  "timestamp": "2026-03-26T14:42:32.392884+00:00"
}