{
  "id": "v_20260327_122052_4396",
  "config": {
    "learn_steps": 9,
    "learn_lr": 0.005017,
    "temperature": 0.9599,
    "alpha": 0.7
  },
  "fitness": 0.350511,
  "curvature": 0.0,
  "betti": [
    1,
    20,
    0
  ],
  "generation": 43,
  "parent_id": "v_20260327_120649_5240",
  "timestamp": "2026-03-27T12:20:52.641380+00:00"
}