{
  "id": "v_20260326_142840_3144",
  "config": {
    "learn_steps": 5,
    "learn_lr": 0.010034,
    "temperature": 0.9599,
    "alpha": 0.75
  },
  "fitness": 0.819684,
  "curvature": 0.120449,
  "betti": [
    1,
    14,
    0
  ],
  "generation": 35,
  "parent_id": "v_20260326_125812_8029",
  "timestamp": "2026-03-26T14:28:40.391182+00:00"
}