{
  "id": "v2_20260326_134832_4924",
  "config": {
    "alpha": 0.6506337199089046,
    "learn_lr": 0.008835308268877906,
    "learn_steps": 8,
    "temperature": 0.8845967567622094
  },
  "fitness": 0.770378,
  "curvature": 0.10915,
  "betti": [
    1,
    20,
    0
  ],
  "generation": 11,
  "corpus": "live_prose_v2",
  "components": {
    "nc": 0.5251,
    "nd": 0.6815,
    "nl": 1.0,
    "nt": 0.764,
    "ng": 1.0
  },
  "timestamp": "2026-03-26T13:48:32.601166+00:00"
}