{
  "id": "v_20260326_134512_2610",
  "config": {
    "learn_steps": 5,
    "learn_lr": 0.00814,
    "temperature": 0.9576,
    "alpha": 0.8
  },
  "fitness": 0.410554,
  "curvature": 0.070205,
  "betti": [
    2,
    15,
    0
  ],
  "generation": 10,
  "parent_id": null,
  "timestamp": "2026-03-26T13:45:12.599206+00:00",
  "corpus": "live_prose"
}