{
  "timestamp": "2026-03-24T11:33:45.378484+00:00",
  "description": "Cross-architecture sign invariance test: GPT-2 vs Pythia-160M",
  "paper": "substrate_orthogonality.md, Experiment 1 / Conjecture 4.1",
  "models": {
    "gpt2": {
      "name": "gpt2",
      "params": "124M",
      "n_layers": 12,
      "hidden_dim": 768,
      "architecture": "GPT-2 (learned positional embeddings, BPE tokenizer)"
    },
    "pythia": {
      "name": "EleutherAI/pythia-160m",
      "params": "160M",
      "n_layers": 12,
      "hidden_dim": 768,
      "architecture": "Pythia (rotary embeddings, Neox tokenizer)"
    }
  },
  "layer_pairs": [
    "L0->L3",
    "L0->L6",
    "L3->L9",
    "L6->L12"
  ],
  "concept_classes": [
    "temporal",
    "epistemic",
    "relational",
    "embodied",
    "abstract",
    "existential"
  ],
  "gpt2_sgp": {
    "temporal": {
      "L0->L3": {
        "mean_phase_rad": -4.525085214843191,
        "sgp_sign": -1,
        "std": 3.363139573816685,
        "n_prompts": 4,
        "phases": [
          0.9456496936158627,
          -5.943866778113886,
          -8.146647462263521,
          -4.955476312611218
        ]
      },
      "L0->L6": {
        "mean_phase_rad": -5.5014880361688245,
        "sgp_sign": -1,
        "std": 3.1798980710415075,
        "n_prompts": 4,
        "phases": [
          -0.9720537725195701,
          -7.471946640135105,
          -9.308261652854018,
          -4.253690079166601
        ]
      },
      "L3->L9": {
        "mean_phase_rad": 0.018665161825341784,
        "sgp_sign": 1,
        "std": 0.07931696279275673,
        "n_prompts": 4,
        "phases": [
          -0.07336201988281105,
          0.026714046290981584,
          0.14160107822798562,
          -0.02029245733478903
        ]
      },
      "L6->L12": {
        "mean_phase_rad": 0.2554258083976725,
        "sgp_sign": 1,
        "std": 0.35585307540956995,
        "n_prompts": 4,
        "phases": [
          0.22950510707281405,
          0.08803638348162268,
          0.8312207990597895,
          -0.1270590560235364
        ]
      }
    },
    "epistemic": {
      "L0->L3": {
        "mean_phase_rad": -4.526604252700383,
        "sgp_sign": -1,
        "std": 2.064459203800663,
        "n_prompts": 4,
        "phases": [
          -5.773333626395518,
          -0.9517953130501215,
          -5.737531654952498,
          -5.643756416403394
        ]
      },
      "L0->L6": {
        "mean_phase_rad": -1.2612019821275495,
        "sgp_sign": -1,
        "std": 2.4368101609617443,
        "n_prompts": 4,
        "phases": [
          -1.3889935011504815,
          0.36972397052797057,
          1.1452537857809446,
          -5.170792183668632
        ]
      },
      "L3->L9": {
        "mean_phase_rad": -0.022862596944310358,
        "sgp_sign": -1,
        "std": 0.012286088388453586,
        "n_prompts": 4,
        "phases": [
          -0.03418837917876877,
          -0.035345313948477036,
          -0.006699357625005287,
          -0.015217337024990344
        ]
      },
      "L6->L12": {
        "mean_phase_rad": 0.3369473646028329,
        "sgp_sign": 1,
        "std": 0.4031279925010544,
        "n_prompts": 4,
        "phases": [
          0.2786846521709902,
          0.6876296988856385,
          0.6811055035333945,
          -0.2996303961786917
        ]
      }
    },
    "relational": {
      "L0->L3": {
        "mean_phase_rad": 0.8096942734171539,
        "sgp_sign": 1,
        "std": 2.0048135197188257,
        "n_prompts": 4,
        "phases": [
          1.2739000830393692,
          0.8121054639700188,
          3.382873830977147,
          -2.23010228431792
        ]
      },
      "L0->L6": {
        "mean_phase_rad": 3.7265287307268222,
        "sgp_sign": 1,
        "std": 3.079017994181975,
        "n_prompts": 4,
        "phases": [
          2.8262676451878654,
          2.996345190242554,
          8.739881244779824,
          0.3436208426970453
        ]
      },
      "L3->L9": {
        "mean_phase_rad": 0.06491430035596063,
        "sgp_sign": 1,
        "std": 0.02527390167542835,
        "n_prompts": 4,
        "phases": [
          0.07944460588684558,
          0.06345543159387124,
          0.09196720442851025,
          0.024789959514615434
        ]
      },
      "L6->L12": {
        "mean_phase_rad": 0.8200899936985478,
        "sgp_sign": 1,
        "std": 2.430527797957353,
        "n_prompts": 4,
        "phases": [
          0.96922108258784,
          0.45504965782296425,
          -2.4962114024874076,
          4.352300636870795
        ]
      }
    },
    "embodied": {
      "L0->L3": {
        "mean_phase_rad": 0.04559640734338943,
        "sgp_sign": 1,
        "std": 3.7186784970086038,
        "n_prompts": 4,
        "phases": [
          -2.3095757994153567,
          -0.49271384197645507,
          6.251095070187894,
          -3.2664197994225246
        ]
      },
      "L0->L6": {
        "mean_phase_rad": 1.027545855860813,
        "sgp_sign": 1,
        "std": 6.12496757253571,
        "n_prompts": 4,
        "phases": [
          -5.5186005770438795,
          4.2280754089841395,
          9.459382049943304,
          -4.058673458440311
        ]
      },
      "L3->L9": {
        "mean_phase_rad": 0.05406743478599036,
        "sgp_sign": 1,
        "std": 0.12479718810135722,
        "n_prompts": 4,
        "phases": [
          -0.10112215271904358,
          -0.030370323034352442,
          0.2083280035531829,
          0.13943421134417455
        ]
      },
      "L6->L12": {
        "mean_phase_rad": 0.5064044205076587,
        "sgp_sign": 1,
        "std": 0.9701968959049275,
        "n_prompts": 4,
        "phases": [
          0.9283970482290759,
          -0.8772653649647805,
          1.7650915503053954,
          0.2093944484609436
        ]
      }
    },
    "abstract": {
      "L0->L3": {
        "mean_phase_rad": -2.21113114097445,
        "sgp_sign": -1,
        "std": 2.539917048729331,
        "n_prompts": 4,
        "phases": [
          -4.372005149154561,
          -4.10626052041429,
          1.9753701328061817,
          -2.34162902713513
        ]
      },
      "L0->L6": {
        "mean_phase_rad": -0.7729238556903953,
        "sgp_sign": -1,
        "std": 3.962917924480546,
        "n_prompts": 4,
        "phases": [
          0.7431608517917417,
          -1.2923573428479187,
          4.194731374277809,
          -6.737230305983213
        ]
      },
      "L3->L9": {
        "mean_phase_rad": -0.02693922989839931,
        "sgp_sign": -1,
        "std": 0.05156380660904909,
        "n_prompts": 4,
        "phases": [
          -0.03691143383641535,
          0.029561248015282475,
          -0.10615475477173743,
          0.0057480209992730805
        ]
      },
      "L6->L12": {
        "mean_phase_rad": 0.9163484595340661,
        "sgp_sign": 1,
        "std": 2.256839045489761,
        "n_prompts": 4,
        "phases": [
          1.352086463400489,
          -2.4446493481504348,
          3.8969611640133675,
          0.8609955588728428
        ]
      }
    },
    "existential": {
      "L0->L3": {
        "mean_phase_rad": -0.39498001993586646,
        "sgp_sign": -1,
        "std": 1.6495703153460577,
        "n_prompts": 4,
        "phases": [
          -1.23694358440761,
          2.437956903354121,
          -1.1007192333648173,
          -1.6802141653251597
        ]
      },
      "L0->L6": {
        "mean_phase_rad": -2.3518749715072103,
        "sgp_sign": -1,
        "std": 3.9975095370150715,
        "n_prompts": 4,
        "phases": [
          0.4392932718089487,
          2.6109896126067476,
          -5.381196744763622,
          -7.076586025680916
        ]
      },
      "L3->L9": {
        "mean_phase_rad": 0.04449820927903873,
        "sgp_sign": 1,
        "std": 0.03805349573126597,
        "n_prompts": 4,