{
  "timestamp": "2026-03-24T11:58:25.344479+00:00",
  "experiment": "Quantum Permutation Test for Existential Sign Anomaly",
  "quantum_backend": "ibm_marrakesh",
  "quantum_job_id": "d717om8v5rlc73f6rahg",
  "n_permutations": 500,
  "original_existential_agreement": 1.0,
  "null_distribution": {
    "mean": 0.6935,
    "std": 0.2755589773533063,
    "min": 0.0,
    "max": 1.0,
    "median": 0.75
  },
  "p_value_existential": 0.33,
  "p_value_any_class": 0.808,
  "conclusion": "not_significant",
  "null_distribution_values": [
    0.75,
    0.75,
    0.5,
    1.0,
    0.75,
    1.0,
    0.25,
    0.75,
    0.75,
    0.5,
    0.5,
    0.25,
    0.5,
    0.5,
    0.75,
    1.0,
    0.5,
    0.5,
    0.5,
    0.0,
    0.25,
    0.75,
    1.0,
    1.0,
    1.0,
    0.25,
    1.0,
    0.5,
    1.0,
    0.5,
    0.5,
    0.75,
    0.5,
    0.5,
    0.75,
    0.75,
    0.25,
    1.0,
    0.75,
    1.0,
    0.5,
    0.5,
    1.0,
    0.75,
    1.0,
    0.75,
    0.5,
    1.0,
    1.0,
    1.0,
    0.75,
    0.75,
    0.5,
    0.5,
    0.5,
    0.5,
    0.5,
    1.0,
    1.0,
    0.5,
    1.0,
    0.5,
    0.5,
    0.5,
    1.0,
    0.75,
    0.5,
    0.75,
    0.0,
    1.0,
    0.75,
    1.0,
    0.25,
    0.25,
    0.25,
    0.5,
    1.0,
    0.5,
    0.25,
    1.0,
    0.75,
    1.0,
    0.75,
    0.5,
    1.0,
    0.75,
    1.0,
    0.75,
    1.0,
    0.75,
    0.0,
    1.0,
    0.75,
    0.5,
    0.25,
    0.75,
    0.75,
    1.0,
    1.0,
    1.0,
    0.75,
    0.75,
    0.75,
    0.5,
    0.25,
    0.25,
    0.75,
    0.75,
    1.0,
    0.75,
    1.0,
    0.75,
    0.25,
    0.25,
    0.0,
    0.5,
    0.5,
    0.5,
    1.0,
    0.5,
    1.0,
    1.0,
    0.75,
    0.5,
    1.0,
    0.25,
    1.0,
    0.25,
    0.5,
    0.75,
    0.75,
    0.25,
    0.5,
    0.75,
    1.0,
    0.0,
    0.5,
    0.5,
    0.5,
    1.0,
    0.75,
    0.25,
    1.0,
    0.5,
    0.5,
    0.75,
    0.5,
    0.5,
    0.75,
    0.5,
    0.5,
    0.5,
    1.0,
    0.5,
    1.0,
    0.5,
    0.0,
    0.5,
    0.75,
    0.25,
    0.5,
    1.0,
    1.0,
    0.75,
    1.0,
    1.0,
    0.5,
    1.0,
    0.75,
    0.5,
    0.75,
    1.0,
    0.75,
    0.25,
    0.5,
    0.5,
    1.0,
    1.0,
    0.5,
    1.0,
    0.75,
    0.75,
    1.0,
    1.0,
    0.75,
    1.0,
    1.0,
    1.0,
    0.25,
    0.75,
    1.0,
    1.0,
    0.75,
    0.25,
    0.5,
    0.5,
    0.75,
    0.5,
    0.75,
    0.5,
    0.75,
    0.75,
    1.0,
    1.0,
    0.5,
    0.75,
    0.5,
    0.75,
    0.75,
    0.5,
    1.0,
    1.0,
    1.0,
    1.0,
    0.25,
    0.75,
    0.75,
    0.5,
    0.75,
    0.5,
    0.25,
    0.75,
    1.0,
    0.25,
    0.75,
    0.5,
    1.0,
    0.5,
    0.75,
    1.0,
    0.25,
    0.75,
    1.0,
    0.25,
    0.75,
    0.75,
    0.75,
    1.0,
    0.25,
    1.0,
    1.0,
    1.0,
    1.0,
    1.0,
    1.0,
    0.75,
    0.5,
    0.75,
    0.25,
    0.5,
    0.75,
    0.5,
    0.75,
    0.5,
    0.5,
    0.75,
    1.0,
    0.75,
    0.75,
    1.0,
    1.0,
    0.75,
    0.25,
    0.75,
    1.0,
    0.75,
    0.5,
    1.0,
    1.0,
    0.5,
    0.5,
    1.0,
    0.75,
    0.5,
    0.5,
    0.75,
    1.0,
    0.5,
    0.75,
    1.0,
    0.5,
    0.25,
    1.0,
    0.5,
    0.5,
    0.5,
    0.0,
    1.0,
    1.0,
    0.75,
    0.75,
    1.0,
    1.0,
    0.5,
    0.25,
    0.5,
    0.5,
    0.5,
    0.75,
    0.75,
    0.5,
    0.25,
    0.75,
    0.5,
    1.0,
    0.5,
    0.25,
    0.75,
    0.75,
    1.0,
    1.0,
    0.5,
    1.0,
    1.0,
    1.0,
    0.5,
    0.75,
    1.0,
    0.0,
    0.5,
    0.25,
    0.5,
    1.0,
    0.25,
    0.5,
    1.0,
    1.0,
    1.0,
    0.75,
    1.0,
    1.0,
    0.5,
    1.0,
    1.0,
    1.0,
    1.0,
    1.0,
    0.25,
    0.25,
    0.75,
    0.5,
    1.0,
    1.0,
    1.0,
    0.5,
    1.0,
    1.0,
    1.0,
    0.75,
    0.5,
    0.25,
    1.0,
    0.5,
    1.0,
    0.75,
    1.0,
    1.0,
    0.75,
    0.25,
    0.5,
    1.0,
    1.0,
    0.0,
    0.75,
    0.75,
    0.75,
    1.0,
    1.0,
    0.25,
    0.5,
    0.75,
    1.0,
    0.25,
    0.5,
    0.75,
    1.0,
    0.5,
    0.5,
    0.75,
    0.75,
    1.0,
    0.75,
    0.5,
    0.75,
    0.75,
    0.5,
    0.5,
    0.75,
    0.75,
    0.5,
    0.5,
    1.0,
    1.0,
    0.75,
    1.0,
    1.0,
    1.0,
    0.75,
    1.0,
    1.0,
    0.75,
    1.0,
    0.5,
    1.0,
    1.0,
    1.0,
    0.25,
    0.75,
    0.5,
    0.75,
    0.5,
    0.5,
    1.0,
    0.75,
    1.0,
    0.25,
    0.25,
    0.0,
    1.0,
    0.25,
    1.0,
    0.75,
    0.75,
    0.75,
    1.0,
    1.0,
    0.5,
    1.0,
    0.75,
    0.5,
    1.0,
    0.5,
    0.5,
    0.5,
    1.0,
    0.0,
    1.0,
    1.0,
    1.0,
    0.75,
    0.5,
    1.0,
    0.5,
    0.75,
    0.5,
    1.0,
    1.0,
    0.75,
    0.75,
    0.25,
    0.0,
    0.0,
    0.25,
    1.0,
    0.75,
    0.75,
    0.75,
    0.75,
    0.5,
    0.25,
    1.0,
    0.5,
    0.5,
    1.0,
    1.0,
    0.25,
    0.75,
    1.0,
    0.75,
    1.0,
    0.75,
    0.25,
    0.5,
    0.75,
    0.25,
    0.75,
    0.5,
    0.5,
    1.0,
    1.0,
    1.0,
    0.75,
    0.75,
    0.75,
    0.75,
    1.0,
    0.75,
    0.75,
    0.75,
    1.0,
    0.75,
    0.75,
    0.75,
    0.5,
    1.0,
    0.5,
    0.0,
    0.25,
    1.0,
    1.0
  ],