{
  "re": 1.9422059293592695,
  "im": -1.7986674948335195,
  "n": 4,
  "θ": 3.765642,
  "log": [
    {
      "t": "09:33:49",
      "x": 1.8889,
      "θ": 5.3908,
      "|M|": 1.8889,
      "∠M": -51.1
    },
    {
      "t": "09:33:49",
      "x": 1.7273,
      "θ": 7.0598,
      "|M|": 2.4219,
      "∠M": -5.9
    },
    {
      "t": "09:33:50",
      "x": 1.0323,
      "θ": 5.1469,
      "|M|": 3.0648,
      "∠M": -22.7
    },
    {
      "t": "09:33:50",
      "x": 1.0656,
      "θ": 3.7656,
      "|M|": 2.6471,
      "∠M": -42.8
    }
  ]
}