{
  "experiment": "weight_geometry",
  "condition": "real",
  "run_idx": 0,
  "seed": 42,
  "n_steps": 45,
  "n_matrices": 9,
  "anisotropy_trajectory": [
    0.56860952,
    0.56861671,
    0.56905953,
    0.56965373,
    0.57010519,
    0.57060694,
    0.57107741,
    0.57121802,
    0.57095811,
    0.57001386,
    0.56871053,
    0.56738603,
    0.56625131,
    0.56517055,
    0.56410476,
    0.56416838,
    0.56486961,
    0.56594501,
    0.56707003,
    0.56831876,
    0.56971237,
    0.57106758,
    0.57235763,
    0.57320119,
    0.57352623,
    0.57350297,
    0.57327603,
    0.57279229,
    0.57204877,
    0.57115984,
    0.57042955,
    0.56969262,
    0.56873278,
    0.56768838,
    0.56682206,
    0.56616863,
    0.56560576,
    0.56518099,
    0.56481512,
    0.56446782,
    0.56407442,
    0.56358518,
    0.56298325,
    0.56233616,
    0.56179895
  ],
  "entropy_trajectory": [
    2.48084041,
    2.48080415,
    2.47962316,
    2.47808845,
    2.4770899,
    2.47623326,
    2.47515564,
    2.47422915,
    2.47476987,
    2.47545152,
    2.47596084,
    2.47596534,
    2.47571681,
    2.47532738,
    2.47531634,
    2.474525,
    2.47296809,
    2.47136458,
    2.47052469,
    2.46980569,
    2.4689188,
    2.46796452,
    2.46743907,
    2.46694409,
    2.46714829,
    2.46759564,
    2.46807207,
    2.46849483,
    2.46880109,
    2.46898118,
    2.46955667,
    2.47027993,
    2.47088141,
    2.47110915,
    2.47081229,
    2.47062675,
    2.47025467,
    2.46994069,
    2.46983942,
    2.46981055,
    2.46986952,
    2.46994997,
    2.46997924,
    2.46991853,
    2.47008409
  ],
  "loss_trajectory": [
    2.337225,
    2.102776,
    1.896726,
    1.708852,
    1.531807,
    1.373731,
    1.236407,
    1.114451,
    1.021137,
    0.935751,
    0.843467,
    0.747785,
    0.652383,
    0.558153,
    0.476407,
    4.019449,
    3.770116,
    3.416974,
    3.040828,
    2.674063,
    2.326207,
    1.990337,
    1.75418,
    1.584415,
    1.429568,
    1.25447,
    1.111769,
    0.985547,
    0.875546,
    0.772036,
    3.922243,
    3.601409,
    3.129881,
    2.70426,
    2.254041,
    2.000419,
    1.736977,
    1.472085,
    1.310048,
    1.173906,
    1.031437,
    0.880733,
    0.737653,
    0.617033,
    0.52141
  ],
  "anisotropy_mean": 0.56819868,
  "anisotropy_slope": -0.0001019735,
  "anisotropy_drift": -0.00020659,
  "entropy_mean": 2.47206739,
  "entropy_slope": -0.0002215335,
  "entropy_drift": -0.00543921,
  "loss_improvement": 1.815815,
  "timestamp": "2026-03-27T20:06:22.160243+00:00"
}