{
  "experiment": "weight_geometry",
  "condition": "real",
  "run_idx": 1,
  "seed": 43,
  "n_steps": 45,
  "n_matrices": 9,
  "anisotropy_trajectory": [
    0.56752352,
    0.56598536,
    0.56547783,
    0.56566262,
    0.56559185,
    0.56416301,
    0.56161752,
    0.55858568,
    0.55578617,
    0.55369203,
    0.55247101,
    0.55155734,
    0.55075803,
    0.55001519,
    0.54911152,
    0.54767794,
    0.54617891,
    0.54512079,
    0.54534598,
    0.54589822,
    0.54615266,
    0.5461838,
    0.54595841,
    0.54548608,
    0.54546813,
    0.54617954,
    0.54725585,
    0.54827434,
    0.54880905,
    0.54895887,
    0.54731107,
    0.54627828,
    0.54486978,
    0.5432873,
    0.54205627,
    0.5413183,
    0.54076959,
    0.54019891,
    0.53967644,
    0.53924522,
    0.53890703,
    0.53860425,
    0.53826729,
    0.53793562,
    0.53769679
  ],
  "entropy_trajectory": [
    2.47936523,
    2.47830469,
    2.47684907,
    2.4746475,
    2.47273121,
    2.47196724,
    2.47262098,
    2.47396761,
    2.47516503,
    2.47663926,
    2.4781013,
    2.4791712,
    2.47988857,
    2.48040906,
    2.4808624,
    2.48170521,
    2.48321811,
    2.48512585,
    2.4867403,
    2.4880029,
    2.48878884,
    2.48900644,
    2.48881227,
    2.48886112,
    2.488588,
    2.48789821,
    2.48698357,
    2.48617113,
    2.48582587,
    2.48570133,
    2.4854991,
    2.48529207,
    2.48528658,
    2.48472754,
    2.48374694,
    2.48316318,
    2.48312734,
    2.48343111,
    2.48386012,
    2.48449153,
    2.48532479,
    2.48597122,
    2.48640849,
    2.4866945,
    2.48689311
  ],
  "loss_trajectory": [
    2.417953,
    2.093644,
    1.78127,
    1.565763,
    1.396271,
    1.254337,
    1.136772,
    1.017014,
    0.90718,
    0.817836,
    0.731136,
    0.654831,
    0.596743,
    0.548431,
    0.497632,
    2.868222,
    2.730195,
    2.503399,
    2.250527,
    2.004473,
    1.781532,
    1.585632,
    1.411276,
    1.268143,
    1.136085,
    1.029301,
    0.945845,
    0.873095,
    0.807544,
    0.735398,
    2.888479,
    2.283196,
    1.889726,
    1.648525,
    1.509968,
    1.369673,
    1.266923,
    1.165691,
    1.05049,
    0.940375,
    0.846436,
    0.773281,
    0.711626,
    0.646829,
    0.58361
  ],
  "anisotropy_mean": 0.54874154,
  "anisotropy_slope": -0.0005904302,
  "anisotropy_drift": -0.01140501,
  "entropy_mean": 2.48280082,
  "entropy_slope": 0.000265961,
  "entropy_drift": 0.00607768,
  "loss_improvement": 1.834343,
  "timestamp": "2026-03-27T20:07:16.731928+00:00"
}