{
  "experiment": "weight_geometry",
  "condition": "synthetic",
  "run_idx": 0,
  "seed": 42,
  "n_steps": 45,
  "n_matrices": 9,
  "anisotropy_trajectory": [
    0.56971559,
    0.57074794,
    0.57231972,
    0.57392386,
    0.57500495,
    0.57545228,
    0.57550326,
    0.57518993,
    0.57384225,
    0.57128521,
    0.56860845,
    0.56656464,
    0.56460307,
    0.56243022,
    0.56025188,
    0.55837676,
    0.55648017,
    0.55513742,
    0.55421142,
    0.55387239,
    0.55379731,
    0.55378933,
    0.55388095,
    0.55388244,
    0.55363893,
    0.5530629,
    0.55207889,
    0.55079655,
    0.54943013,
    0.54809108,
    0.54682669,
    0.54567242,
    0.54440117,
    0.54371254,
    0.54356164,
    0.54354355,
    0.54359068,
    0.54380074,
    0.54426198,
    0.54496534,
    0.54579307,
    0.54657225,
    0.54713594,
    0.54739367,
    0.54735191
  ],
  "entropy_trajectory": [
    2.47997001,
    2.48000337,
    2.47990962,
    2.47972295,
    2.47928359,
    2.4785746,
    2.4783094,
    2.47809754,
    2.47810399,
    2.47853826,
    2.47919648,
    2.47977952,
    2.48047524,
    2.48146421,
    2.48333378,
    2.48435168,
    2.48479517,
    2.4847077,
    2.48416822,
    2.48368507,
    2.48338788,
    2.48320425,
    2.48312128,
    2.48314127,
    2.48317994,
    2.48324361,
    2.48329418,
    2.48330793,
    2.48404552,
    2.48480308,
    2.48523482,
    2.48514604,
    2.4846564,
    2.48446686,
    2.48417993,
    2.48366661,
    2.48307792,
    2.48248047,
    2.48189992,
    2.48134694,
    2.48081602,
    2.48028994,
    2.4797442,
    2.47968684,
    2.47987546
  ],
  "loss_trajectory": [
    4.459443,
    4.042649,
    3.655387,
    3.296287,
    2.957748,
    2.633269,
    2.340241,
    2.116759,
    1.937802,
    1.802164,
    1.658907,
    1.546323,
    1.434278,
    1.343537,
    1.254331,
    4.27733,
    3.846801,
    3.428178,
    3.048141,
    2.745263,
    2.458883,
    2.178869,
    1.940139,
    1.768772,
    1.647409,
    1.520107,
    1.41898,
    1.308622,
    1.195308,
    1.103532,
    5.056417,
    4.584398,
    4.077204,
    3.480011,
    3.04851,
    2.871043,
    2.700287,
    2.520672,
    2.347406,
    2.187685,
    2.041259,
    1.910232,
    1.796025,
    1.687394,
    1.570287
  ],
  "anisotropy_mean": 0.55632341,
  "anisotropy_slope": -0.0007857856,
  "anisotropy_drift": -0.0179638,
  "entropy_mean": 2.48195039,
  "entropy_slope": 6.86204e-05,
  "entropy_drift": 0.00176497,
  "loss_improvement": 2.889156,
  "timestamp": "2026-03-27T20:06:47.808051+00:00"
}