{
  "experiment": "weight_geometry",
  "condition": "synthetic",
  "run_idx": 1,
  "seed": 43,
  "n_steps": 45,
  "n_matrices": 9,
  "anisotropy_trajectory": [
    0.56865032,
    0.56670237,
    0.5655666,
    0.56597492,
    0.56617413,
    0.56676708,
    0.56780247,
    0.56828466,
    0.56809661,
    0.56763206,
    0.56705761,
    0.56648278,
    0.56593171,
    0.56533174,
    0.5645937,
    0.5643495,
    0.56421681,
    0.56406302,
    0.56382086,
    0.56346094,
    0.56303418,
    0.56259434,
    0.56220516,
    0.56193415,
    0.56175958,
    0.56160592,
    0.56140657,
    0.56111363,
    0.56070768,
    0.56018511,
    0.56076844,
    0.56225617,
    0.56448509,
    0.56751501,
    0.57106747,
    0.57420441,
    0.57664894,
    0.57838002,
    0.57942409,
    0.57984111,
    0.57970184,
    0.5790658,
    0.57793218,
    0.57633275,
    0.57447365
  ],
  "entropy_trajectory": [
    2.48324467,
    2.48438185,
    2.48416872,
    2.48228249,
    2.48020354,
    2.47810254,
    2.47612017,
    2.4753498,
    2.47512188,
    2.47526597,
    2.47531319,
    2.47534748,
    2.47540698,
    2.47546767,
    2.47569124,
    2.47640408,
    2.47696307,
    2.47723226,
    2.47715871,
    2.47671623,
    2.47585051,
    2.47508541,
    2.47409616,
    2.47319621,
    2.47217691,
    2.47123402,
    2.47045422,
    2.46981911,
    2.469361,
    2.46933706,
    2.46922381,
    2.4687654,
    2.46798056,
    2.46700084,
    2.46607574,
    2.46489759,
    2.46357782,
    2.46221516,
    2.46091747,
    2.45977708,
    2.458837,
    2.4584558,
    2.45865482,
    2.45892037,
    2.4591847
  ],
  "loss_trajectory": [
    5.97137,
    5.360155,
    4.593788,
    3.796301,
    3.298906,
    2.937195,
    2.660025,
    2.478443,
    2.268715,
    2.080392,
    1.949513,
    1.840874,
    1.733979,
    1.633951,
    1.541365,
    4.171791,
    3.966877,
    3.705921,
    3.439317,
    3.167403,
    2.892833,
    2.629633,
    2.390572,
    2.183006,
    2.006868,
    1.84941,
    1.694493,
    1.541153,
    1.399428,
    1.27448,
    4.855362,
    4.57135,
    4.212919,
    3.869656,
    3.524211,
    3.252952,
    3.064272,
    2.891747,
    2.727667,
    2.573251,
    2.421665,
    2.264532,
    2.10361,
    1.950014,
    1.802564
  ],
  "anisotropy_mean": 0.56754674,
  "anisotropy_slope": 0.0002289903,
  "anisotropy_drift": 0.00350749,
  "entropy_mean": 2.47157861,
  "entropy_slope": -0.0005314136,
  "entropy_drift": -0.01175239,
  "loss_improvement": 4.168806,
  "timestamp": "2026-03-27T20:07:45.734032+00:00"
}