{
  "experiment": "A",
  "version": "v2_direct_geometry",
  "timestamp": "2026-03-21T22:54:36.676870+00:00",
  "model": "gpt2",
  "num_samples": 200,
  "phase_profile": {
    "method": "pancharatnam_phase",
    "curvatures_rad": [
      1.3863842487335205,
      0.26337872445583344,
      0.24536219984292984,
      0.22662626206874847,
      0.22100435569882393,
      0.22249551862478256,
      0.2473725900053978,
      0.2736000716686249,
      0.24395530298352242,
      0.265452291816473,
      0.34179577231407166,
      1.253745585680008
    ],
    "l0_over_max_middle": 4.05617728782084,
    "ushape_ratio": 5.174608467614139
  },
  "berry_curvature": {
    "method": "lattice_FHS2005",
    "grid_N": 40,
    "probes": [
      {
        "label": "spatial",
        "chern_in": -0.0035158443423490542,
        "chern_out": 1.923753256703964e-06,
        "degree": -0.0005471667882255104,
        "degree_rounded": 0
      },
      {
        "label": "abstract",
        "chern_in": -0.0006141379193496954,
        "chern_out": -2.5041458292020144e-06,
        "degree": 0.004077497497392165,
        "degree_rounded": 0
      },
      {
        "label": "function_words",
        "chern_in": -7.91795213213804e-05,
        "chern_out": 3.3658154308525957e-06,
        "degree": -0.042508661010858415,
        "degree_rounded": 0
      }
    ],
    "mean_degree": -0.012992776767230587
  },
  "stratification": {
    "abstract_epistemic": {
      "mean_phase": 1.388665795326233,
      "std_phase": 0.01085752258616397,
      "phases": [
        1.3967174291610718,
        1.3850783109664917,
        1.4120769500732422,
        1.3777800798416138,
        1.3953393697738647,
        1.3784117698669434,
        1.3866567611694336,
        1.3722834587097168,
        1.3909724950790405,
        1.3913413286209106
      ]
    },
    "spatial_physical": {
      "mean_phase": 1.3987361550331117,
      "std_phase": 0.014864940685022846,
      "phases": [
        1.3931965827941895,
        1.3934400081634521,
        1.4003219604492188,
        1.3920842409133911,
        1.4158955812454224,
        1.370823860168457,
        1.4050753116607666,
        1.3818191289901733,
        1.4149943590164185,
        1.4197105169296265
      ]
    }
  },
  "pass_criteria": {
    "l0_dominance_ok": true,
    "ushape_ok": true,
    "degree_zero_ok": true
  },
  "verdict": "PASS"
}