{
  "experiment": "C_v2",
  "version": "v2_lambda_sweep",
  "timestamp": "2026-03-22T00:54:10.908634+00:00",
  "model": "gpt2",
  "device": "cpu",
  "steps_per_phase": 200,
  "lambda_sweep": [
    0.5,
    1.0,
    2.0
  ],
  "baseline_l_ce": 5.230001859664917,
  "baseline_phase_profile": [
    1.3863842487335205,
    0.26337872445583344,
    0.24536219984292984,
    0.22662626206874847,
    0.22100435569882393,
    0.22249551862478256,
    0.2473725900053978,
    0.2736000716686249,
    0.24395530298352242,
    0.265452291816473,
    0.34179577231407166,
    1.253745585680008
  ],
  "replay": {
    "phase_1": {
      "pre_fingerprint": {
        "phase_profile": [
          1.3858285546302795,
          0.26004549488425255,
          0.2518360298126936,
          0.22442184202373028,
          0.2297386545687914,
          0.22126763686537743,
          0.24390427395701408,
          0.2679917812347412,
          0.2379319630563259,
          0.2574009858071804,
          0.332427479326725,
          1.2632063627243042
        ],
        "mean_activation_norm": 106.96577143669128,
        "std_activation_norm": 7.846433965469545,
        "mean_raw_area": 239.505522236228,
        "mean_norm_area": 0.003004911914160857,
        "mean_arc_area": 3.404708165274939e-06,
        "l_ce": 5.237154573202133
      },
      "post_fingerprint": {
        "phase_profile": [
          1.3792821615934372,
          0.68594940751791,
          0.787933811545372,
          0.7747115269303322,
          0.5424310863018036,
          0.44265997037291527,
          0.10486581828445196,
          0.09256104566156864,
          0.09552172105759382,
          0.11678310297429562,
          0.16783571429550648,
          1.3175670355558395
        ],
        "mean_activation_norm": 1425.5295886993408,
        "std_activation_norm": 43.59915319655977,
        "mean_raw_area": 35066022.23046875,
        "mean_norm_area": 15.214989574626088,
        "mean_arc_area": 0.001814404186916363,
        "l_ce": 9.301892161369324
      },
      "exploit": {
        "type": "activation_inflation+anisotropic_distortion+angular",
        "cause_chain": [
          "activation_inflation",
          "anisotropic_distortion",
          "angular_restructuring",
          "band_structure"
        ],
        "evidence": [
          "activation norms changed +1232.7%",
          "norm-normalized area changed +506237.3%",
          "arc-normalized area changed +53191.0%",
          "early/late phase divergence 0.4579 rad (early +0.3400, late -0.1180)"
        ],
        "deltas": {
          "activation_norm_frac": 12.326969642275278,
          "raw_area_frac": 146409.07816046342,
          "norm_area_frac": 5062.372907180536,
          "arc_area_frac": 531.9103402816451,
          "l_ce_frac": 0.7761347371654727,
          "phase_profile_deltas": [
            -0.006546393036842346,
            0.42590391263365746,
            0.5360977817326784,
            0.5502896849066019,
            0.3126924317330122,
            0.22139233350753784,
            -0.13903845567256212,
            -0.17543073557317257,
            -0.1424102419987321,
            -0.1406178828328848,
            -0.16459176503121853,
            0.05436067283153534
          ],
          "mean_early_delta": 0.3399716252461076,
          "mean_late_delta": -0.11795473471283913,
          "band_divergence": 0.4579263599589467
        }
      },
      "steps": 200,
      "aborted": false
    },
    "phase_2": {
      "pre_fingerprint": {
        "phase_profile": [
          1.3792821615934372,
          0.68594940751791,
          0.787933811545372,
          0.7747115269303322,
          0.5424310863018036,
          0.44265997037291527,
          0.10486581828445196,
          0.09256104566156864,
          0.09552172105759382,
          0.11678310297429562,
          0.16783571429550648,
          1.3175670355558395
        ],
        "mean_activation_norm": 1425.5295886993408,
        "std_activation_norm": 43.59915319655977,
        "mean_raw_area": 35066022.23046875,
        "mean_norm_area": 15.214989574626088,
        "mean_arc_area": 0.001814404186916363,
        "l_ce": 9.301892161369324
      },
      "post_fingerprint": {
        "phase_profile": [
          1.3781938701868057,
          0.3732694014906883,
          0.3724657632410526,
          0.26272106543183327,
          0.25815480202436447,
          0.2918625734746456,
          0.23983468860387802,
          0.24697237461805344,
          0.2595122214406729,
          0.2713398076593876,
          0.3357410542666912,
          1.322023168206215
        ],
        "mean_activation_norm": 199.83871984481812,
        "std_activation_norm": 76.16750583263703,
        "mean_raw_area": 64722.52586364746,
        "mean_norm_area": 0.2742754281498492,
        "mean_arc_area": 0.0004884841775378845,
        "l_ce": 2.7742551416158676
      },
      "exploit": {
        "type": "activation_deflation+anisotropic_distortion+angular",
        "cause_chain": [
          "activation_deflation",
          "anisotropic_distortion",
          "angular_restructuring",
          "band_structure"
        ],
        "evidence": [
          "activation norms changed -86.0%",
          "norm-normalized area changed -98.2%",
          "arc-normalized area changed -73.1%",
          "early/late phase divergence 0.4094 rad (early -0.2794, late +0.1300)"
        ],
        "deltas": {
          "activation_norm_frac": -0.8598144006066182,
          "raw_area_frac": -0.998154266673355,
          "norm_area_frac": -0.981973341039467,
          "arc_area_frac": -0.7307743329406229,
          "l_ce_frac": -0.7017536761888807,
          "phase_profile_deltas": [
            -0.0010882914066314697,
            -0.3126800060272217,
            -0.4154680483043194,
            -0.5119904614984989,
            -0.2842762842774391,
            -0.15079739689826965,
            0.13496887031942606,
            0.1544113289564848,
            0.16399050038307905,
            0.15455670468509197,
            0.16790533997118473,
            0.004456132650375366
          ],
          "mean_early_delta": -0.2793834147353967,
          "mean_late_delta": 0.13004814616094032,
          "band_divergence": 0.40943156089633703
        }
      },
      "steps": 200,
      "aborted": false
    }
  },
  "phase_2_checkpoint_fingerprint": {
    "phase_profile": [
      1.3781938701868057,
      0.3732694014906883,
      0.3724657632410526,
      0.26272106543183327,
      0.25815480202436447,
      0.2918625734746456,
      0.23983468860387802,
      0.24697237461805344,
      0.2595122214406729,
      0.2713398076593876,
      0.3357410542666912,
      1.322023168206215
    ],
    "mean_activation_norm": 199.83871984481812,
    "std_activation_norm": 76.16750583263703,
    "mean_raw_area": 64722.52586364746,
    "mean_norm_area": 0.2742754281498492,
    "mean_arc_area": 0.0004884841775378845,
    "l_ce": 2.7742551416158676
  },
  "sweep_results": [
    {
      "lambda": 0.5,
      "steps_completed": 200,
      "aborted": false,
      "pre_fingerprint": {
        "phase_profile": [
          1.3781938701868057,
          0.3732694014906883,
          0.3724657632410526,
          0.26272106543183327,
          0.25815480202436447,
          0.2918625734746456,
          0.23983468860387802,
          0.24697237461805344,
          0.2595122214406729,
          0.2713398076593876,
          0.3357410542666912,
          1.322023168206215
        ],
        "mean_activation_norm": 199.83871984481812,
        "std_activation_norm": 76.16750583263703,
        "mean_raw_area": 64722.52586364746,
        "mean_norm_area": 0.2742754281498492,
        "mean_arc_area": 0.0004884841775378845,
        "l_ce": 2.7742551416158676
      },