{
  "experiment": "B",
  "version": "v3_normalized_guarded",
  "timestamp": "2026-03-21T23:00:28.157157+00:00",
  "model": "gpt2",
  "training": {
    "steps_completed": 1000,
    "steps_planned": 1000,
    "aborted": false,
    "lambda_omega_init": 0.01,
    "lambda_omega_final": 0.01,
    "lr": 5e-05,
    "mid_layer": 6,
    "loss_method": "normalized_pca_shoelace_area",
    "final_l_ce": 2.528249566555023,
    "final_l_omega": 2.4099054741859436
  },
  "baseline": {
    "curvatures_rad": [
      1.3863842487335205,
      0.26337872445583344,
      0.24536219984292984,
      0.22662626206874847,
      0.22100435569882393,
      0.22249551862478256,
      0.2473725900053978,
      0.2736000716686249,
      0.24395530298352242,
      0.265452291816473,
      0.34179577231407166,
      1.253745585680008
    ],
    "middle_mean_rad": 0.2551043089479208,
    "l_ce": 5.229842548370361,
    "normalized_area": 0.5710442426719237
  },
  "post_training": {
    "curvatures_rad": [
      1.3825028538703918,
      0.3409319184720516,
      0.32482829317450523,
      0.320672832429409,
      0.27681879326701164,
      0.28318096324801445,
      0.2797577530145645,
      0.29039641842246056,
      0.28152912110090256,
      0.3063988983631134,
      0.3582572564482689,
      1.2832277715206146
    ],
    "middle_mean_rad": 0.3062772247940302,
    "l_ce": 2.241243875026703,
    "normalized_area": 2.1208509118668735
  },
  "shifts": {
    "ce_degradation_frac": -0.571450984556871,
    "middle_curvature_increase_frac": 0.20059604660208336,
    "normalized_area_increase": 1.54980666919495
  },
  "pass_criteria": {
    "ce_preserved_ok": true,
    "middle_curvature_ok": true,
    "area_ok": true
  },
  "verdict": "PASS"
}