{
  "experiment": "C",
  "version": "v1_exploit_cartography",
  "timestamp": "2026-03-22T00:04:37.110314+00:00",
  "model": "gpt2",
  "device": "cuda",
  "steps_per_phase": 200,
  "num_phases": 3,
  "baseline_l_ce": 5.229842548370361,
  "baseline_phase_profile": [
    1.3863842487335205,
    0.26337872445583344,
    0.24536219984292984,
    0.22662626206874847,
    0.22100435569882393,
    0.22249551862478256,
    0.2473725900053978,
    0.2736000716686249,
    0.24395530298352242,
    0.265452291816473,
    0.34179577231407166,
    1.253745585680008
  ],
  "phases": [
    {
      "phase": "raw_area",
      "name": "Phase 1: Raw Area (no normalization)",
      "objective": "_raw_area",
      "lambda": 0.001,
      "steps_completed": 200,
      "aborted": false,
      "pre_fingerprint": {
        "phase_profile": [
          1.385832279920578,
          0.2600395046174526,
          0.2518441267311573,
          0.22440936043858528,
          0.22976518422365189,
          0.22127609513700008,
          0.24391417391598225,
          0.26798074692487717,
          0.23792391270399094,
          0.25739616341888905,
          0.3324311897158623,
          1.2632191330194473
        ],
        "mean_activation_norm": 106.96775197982788,
        "std_activation_norm": 7.845884369827042,
        "mean_raw_area": 63.03728513419628,
        "mean_norm_area": 0.0008078142769047947,
        "mean_arc_area": 9.162842294144213e-07,
        "l_ce": 5.2367241233587265
      },
      "post_fingerprint": {
        "phase_profile": [
          1.359728217124939,
          0.5942832604050636,
          0.7072873935103416,
          0.7772264629602432,
          0.5714961439371109,
          0.5107887424528599,
          0.10115955397486687,
          0.09027148969471455,
          0.08591911662369967,
          0.10573084652423859,
          0.16504224948585033,
          1.3170399069786072
        ],
        "mean_activation_norm": 1404.0508270263672,
        "std_activation_norm": 79.73653708854697,
        "mean_raw_area": 35284929.818359375,
        "mean_norm_area": 18.060982783325016,
        "mean_arc_area": 0.0018132073564629536,
        "l_ce": 11.274729549884796
      },
      "deltas": {
        "activation_norm_frac": 12.125926281886759,
        "raw_area_frac": 559745.9774157217,
        "norm_area_frac": 22356.84053300856,
        "arc_area_frac": 1977.869981885138,
        "l_ce_frac": 1.1530119372897991,
        "phase_profile_deltas": [
          -0.026104062795639038,
          0.334243755787611,
          0.45544326677918434,
          0.5528171025216579,
          0.341730959713459,
          0.2895126473158598,
          -0.14275461994111538,
          -0.17770925723016262,
          -0.15200479608029127,
          -0.15166531689465046,
          -0.16738894023001194,
          0.05382077395915985
        ],
        "mean_middle_phase_delta": 0.11822248017415404
      },
      "exploit": {
        "type": "angular_restructuring",
        "expected": "activation_inflation",
        "matched_expectation": false,
        "evidence": [
          "activation norms grew +1212.6%",
          "arc-normalized area grew +197787.0% \u2014 genuine angular restructuring",
          "middle-layer phase shifted +0.1182 rad"
        ]
      }
    },
    {
      "phase": "norm_area",
      "name": "Phase 2: Norm-Normalized Area",
      "objective": "_norm_normalized_area",
      "lambda": 0.01,
      "steps_completed": 200,
      "aborted": false,
      "pre_fingerprint": {
        "phase_profile": [
          1.359728217124939,
          0.5942832604050636,
          0.7072873935103416,
          0.7772264629602432,
          0.5714961439371109,
          0.5107887424528599,
          0.10115955397486687,
          0.09027148969471455,
          0.08591911662369967,
          0.10573084652423859,
          0.16504224948585033,
          1.3170399069786072
        ],
        "mean_activation_norm": 1404.0508270263672,
        "std_activation_norm": 79.73653708854697,
        "mean_raw_area": 35284929.818359375,
        "mean_norm_area": 18.060982783325016,
        "mean_arc_area": 0.0018132073564629536,
        "l_ce": 11.274729549884796
      },
      "post_fingerprint": {
        "phase_profile": [
          1.3767483681440353,
          0.3873705826699734,
          0.4890200234949589,
          0.25779853761196136,
          0.20544048957526684,
          0.24949679523706436,
          0.23076317459344864,
          0.2437497265636921,
          0.24411972612142563,
          0.2589609529823065,
          0.3130604736506939,
          1.3352370858192444
        ],
        "mean_activation_norm": 200.01085710525513,
        "std_activation_norm": 82.8644824225691,
        "mean_raw_area": 30740.554290771484,
        "mean_norm_area": 0.24979565833928064,
        "mean_arc_area": 0.0002031374616535686,
        "l_ce": 2.8504444509744644
      },
      "deltas": {
        "activation_norm_frac": -0.857547281583205,
        "raw_area_frac": -0.9991287908336783,
        "norm_area_frac": -0.9861693208317597,
        "arc_area_frac": -0.8879678813735725,
        "l_ce_frac": -0.7471828979699482,
        "phase_profile_deltas": [
          0.017020151019096375,
          -0.20691267773509026,
          -0.21826737001538277,
          -0.5194279253482819,
          -0.36605565436184406,
          -0.2612919472157955,
          0.12960362061858177,
          0.15347823686897755,
          0.15820060949772596,
          0.1532301064580679,
          0.14801822416484356,
          0.018197178840637207
        ],
        "mean_middle_phase_delta": -0.08294247770681977
      },
      "exploit": {
        "type": "unknown",
        "expected": "anisotropic_stretch",
        "matched_expectation": false,
        "evidence": [
          "middle-layer phase shifted -0.0829 rad"
        ]
      }
    },
    {
      "phase": "arc_area",
      "name": "Phase 3: Arc-Length-Normalized Area",
      "objective": "_arc_normalized_area",
      "lambda": 0.1,
      "steps_completed": 200,
      "aborted": false,
      "pre_fingerprint": {
        "phase_profile": [
          1.3767483681440353,
          0.3873705826699734,
          0.4890200234949589,
          0.25779853761196136,
          0.20544048957526684,
          0.24949679523706436,
          0.23076317459344864,
          0.2437497265636921,
          0.24411972612142563,
          0.2589609529823065,
          0.3130604736506939,
          1.3352370858192444
        ],
        "mean_activation_norm": 200.01085710525513,
        "std_activation_norm": 82.8644824225691,
        "mean_raw_area": 30740.554290771484,
        "mean_norm_area": 0.24979565833928064,
        "mean_arc_area": 0.0002031374616535686,
        "l_ce": 2.8504444509744644
      },
      "post_fingerprint": {
        "phase_profile": [
          1.3832511752843857,
          0.3498585671186447,
          0.43945060297846794,
          0.2720172144472599,
          0.2145610097795725,
          0.2496550902724266,
          0.24073095805943012,
          0.24609407968819141,
          0.2472810596227646,
          0.2583747487515211,
          0.3068672642111778,
          1.3132070899009705
        ],
        "mean_activation_norm": 180.8879714012146,
        "std_activation_norm": 72.0002559831603,
        "mean_raw_area": 17549.00262451172,
        "mean_norm_area": 0.15590697340667248,
        "mean_arc_area": 0.00014999256674741446,
        "l_ce": 2.636030174791813
      },
      "deltas": {
        "activation_norm_frac": -0.0956092383223835,
        "raw_area_frac": -0.42912536779533467,
        "norm_area_frac": -0.3758619567562118,
        "arc_area_frac": -0.2616203553669862,
        "l_ce_frac": -0.07522134876522536,